img_id,BIOPSED,hair_amount_feature,feat_asymmetry,feat_border_irregularity,feat_multiColorRate,feat_convexity,feat_convexVariance,feat_convexMax,feat_convexAverage,feat_contrast,feat_energy,feat_homogeneity,feat_colorUniformity,feat_averageColor,feat_averageRedness,feat_maxBrightness,feat_minBrightness,random1,random2,random3,random4,random5,random6,random7,random8,random9,random10,random11,random12,random13,random14,random15,random16,random17,random18,random19,random20,random21,random22,random23,random24,random25,random26,random27,random28,random29,random30,random31,random32,random33,random34,random35
ISIC_0024310,1,0.0929259259259259,0.23144,0.867,96.72218542155184,0.6344388745327905,196587964.38461536,16044,2762.230769230769,73.57066963457615,0.7574882824234654,0.8208326676574614,32.69965211464399,125.30380032404274,217.83823529411765,232,45,0.12568884375167622,0.9030248134509417,0.04762142856886531,0.3491074869164603,0.0470427620541114,0.4893931884348395,0.4593003765420579,0.18920890103793497,0.4421169453451498,0.6551090940069738,0.7356955282614802,0.5886598428010558,0.8507665184113895,0.4885811948309531,0.5405114832756045,0.82125168891197,0.7607844835276142,0.21368689726089374,0.2851528867407923,0.4166245956731356,0.16040944091675435,0.7300518670369983,0.40620828220524363,0.15409877268935734,0.9138123118779675,0.047378564181034366,0.8901802740990226,0.1255023586444436,0.9490864431615316,0.45657342889149544,0.9627240567177074,0.637192728236548,0.030992016279804302,0.00041336384254941905,0.7086928714168874
ISIC_0024313,1,0.0979629629629629,0.3459,0.808,189.08670795977287,0.6863634812272915,16685257.159999996,4635,828.92,43.24276757558894,0.890524550248113,0.9196294017283124,53.588021353705805,138.2415911516886,219.48648648648648,219,30,0.03570991027143633,0.5630730616619908,0.060978228363886555,0.3416728209349362,0.5346831281304727,0.13356555373733414,0.7216997319092668,0.27788103570196887,0.08430101987890426,0.3352536680467406,0.5872570674800985,0.7969191210240624,0.3542087414664459,0.13432547650099647,0.28831960799929646,0.2556920926797076,0.9888700354443946,0.9367446238391757,0.25100378734467355,0.04894602464838449,0.9969578193672565,0.47414630842422967,0.013238095031926522,0.7588155494169859,0.1458767112523044,0.9756563812753134,0.18536071243700059,0.2530052368042002,0.9092859090659771,0.25614275887471016,0.5345992483240972,0.8464251235165049,0.6780803031520687,0.49716656356325706,0.6475635444491082
ISIC_0024315,1,0.1401481481481481,0.20788,0.796,113.1736080759132,0.6817156287600408,20053977.13636364,5549,965.2272727272727,30.19151919866444,0.9147423447778664,0.9363164202293424,29.38135896495598,95.10744526828412,183.19230769230768,192,40,0.7360281458997376,0.15900892668055855,0.11519721299425911,0.16020293877743275,0.7634258934401176,0.059927303487048,0.5334031196605807,0.1754843528661978,0.22948754886608358,0.5834452655617902,0.7860647837935612,0.464320125356374,0.6037695386860596,0.13048734056331224,0.631489974761212,0.941238848861846,0.5284165715864054,0.797435196927594,0.7314182110667349,0.08472439599026083,0.3063209413557898,0.7010378448739583,0.6143296684211756,0.3199880918203345,0.1708664527057061,0.8990407879781613,0.8961810146842821,0.5802442193616275,0.31069183816565693,0.3714855453057293,0.1243254418762143,0.3780665225933423,0.5188248703094753,0.6896497350967331,0.04788205495563147
ISIC_0024323,1,0.0929629629629629,0.20768,0.839,54.817188647559405,0.6376241275946856,171728720.0333333,15120,2407.0333333333333,51.38320905212392,0.66525733003659,0.7799985134736895,17.770495342993986,113.20795447378867,150.06451612903226,167,64,0.9197100406343086,0.8032977232817387,0.5665489525272858,0.36487182597603496,0.9380754555081346,0.03762317543952243,0.5286824026728735,0.5459731603750628,0.26414158889099093,0.3812374995791947,0.6526506275943554,0.900615119476948,0.9510751289121943,0.6827848137408167,0.999203880504599,0.1140351904162159,0.7918449797856394,0.14624964355477232,0.6296100609151796,0.7823974417215492,0.9673570335203503,0.045416201949224244,0.3404253424564151,0.282121527825691,0.1810746232165935,0.06400867170573599,0.06877294093293429,0.2948505012110566,0.6347948269414688,0.5015132301135766,0.7745916353632131,0.00919706577809909,0.4137248903028843,0.678504784381174,0.09548470286841337
ISIC_0024329,1,0.0029999999999999,0.1839599999999999,0.759,56.59319335193528,0.7017403732366606,12226112.96,4452,711.28,42.4115154887776,0.9048046788496176,0.9403735014436286,18.79709404629898,153.7781313428927,198.69230769230768,223,105,0.5644504113225998,0.5357695104418992,0.4043708576670503,0.017280991403239354,0.7776409878548081,0.20373494319325103,0.6189983092052268,0.6671013439550706,0.8494736626956194,0.3030351349371464,0.7557614569724691,0.8447733950478525,0.27407691729831163,0.9226822229865483,0.5920490735613522,0.4873279969512402,0.6381622353847605,0.37863960030856425,0.8271475078042617,0.1366720091009208,0.44380226875187945,0.19855709412036848,0.6755468286370757,0.8847760144001859,0.49890026978372637,0.7799590912154509,0.8445209616148223,0.6465687362006236,0.6754939000291841,0.30400016766567384,0.23579301250230478,0.8261304423225617,0.06626388912633197,0.8432573100970701,0.5660299474435796
ISIC_0024331,1,0.0001481481481481,0.1345,0.78,30.619160990781797,0.6890681357450011,46171934.09090909,9964,1198.8181818181818,66.1654906325357,0.7344516806061587,0.8623260691852134,10.569329538006214,161.0989348072085,177.4794520547945,194,129,0.46125110666140146,0.40925255282146955,0.3528252489613516,0.5676496196198333,0.3417517935390805,0.23237093875763493,0.5605595185530436,0.8933086885675606,0.7363797555439827,0.1390152218944003,0.12208864006353526,0.16165426378530556,0.3122350573871565,0.4873771016635604,0.2449520612066114,0.7801645629870777,0.8864376130076045,0.2587798281495389,0.3073800909245271,0.7230169149693532,0.944450718663329,0.32682840047193396,0.7532063072711442,0.77543995141906,0.201949446589215,0.05916901593738255,0.9782704621357257,0.6688597278737144,0.46508749307715047,0.3371986434059011,0.4733738822380611,0.3556151936866828,0.17644952832722194,0.7183618621670134,0.19793714423077535
ISIC_0024332,1,0.0035555555555555,0.0831,0.764,56.46160430903027,0.7076012277766709,38392913.13333334,4282,1145.7333333333331,72.97672416991283,0.7082532849399479,0.8223006035318616,17.074229748166662,155.03509757602842,195.47727272727272,205,103,0.9433843093143864,0.7027930108251166,0.8702396757509661,0.10243672612826438,0.9511351012638579,0.4955597150751786,0.14019726570521518,0.8700926393000018,0.9518982423731166,0.39881771350724815,0.7002692759657158,0.5610680331549931,0.33716141810729783,0.33675664628622004,0.17504875596370006,0.6910704603688549,0.33915123112084267,0.688089839781131,0.8917686711375166,0.7684190336248518,0.49853086490528553,0.16352203170668655,0.991395862244226,0.43251707312083343,0.27918351620034365,0.1134294244605013,0.4592876817239788,0.2696320147937771,0.054762850053235446,0.03407088236536282,0.9806911388237094,0.8295503103044605,0.026521193621822592,0.5919872620465734,0.39116783335403327
ISIC_0024333,1,0.0806296296296296,0.1221599999999999,0.776,70.60510108171033,0.6949178064491323,69435524.52941178,9537,1445.529411764706,59.48535707660915,0.6371622707319071,0.7593838057801586,21.833046265162093,112.1566490871656,169.6124031007752,171,33,0.06548537050586045,0.07263464948131215,0.5086228731182518,0.4062314349530368,0.966427047449626,0.2723787827036701,0.5167642565451934,0.07604226644235323,0.33495218470871335,0.5622180205316475,0.743199338789325,0.8807624318279527,0.8805780374810906,0.6950628828117058,0.5244188830747091,0.32287669066256763,0.4507619607748077,0.9502488529566905,0.05189006325756762,0.77677434585957,0.8914700312628319,0.12706162921676667,0.3166223919792376,0.9746576429893169,0.3552049736373607,0.0759819821755332,0.585256492367402,0.7882579179743116,0.2138617488240766,0.5508139347177438,0.6529983752658836,0.12341922841739639,0.15005150833578684,0.8256297968510357,0.2135860890544331
ISIC_0024345,1,0.0011851851851851,0.1654,0.812,24.714389403288965,0.6626223322203778,143536806.7352941,13527,2071.1470588235293,75.40744945279168,0.6151115022946707,0.8043431087924903,8.583777455248802,161.62267415447965,173.175,187,124,0.9453498835479375,0.623405630505944,0.4859960017365639,0.009001340500675803,0.2866983330337235,0.8455352233284702,0.6397196139210903,0.46976170304688625,0.39897849032880484,0.27496195593354267,0.5617555108028126,0.09843137037116823,0.7155106841926719,0.3792541645188091,0.7978027219307955,0.19100188520343597,0.9807286389949924,0.5331587098299437,0.47488525388139646,0.6619629275548347,0.5739431795974448,0.7082614867624425,0.33687586409918535,0.5039239703328278,0.24273100093428757,0.9547587389160268,0.8902615098225913,0.9016801115477704,0.6388215944228464,0.947523691642911,0.7253462736142479,0.5051931722162614,0.24800667129453857,0.11177647165292193,0.42598529735241675
ISIC_0024351,1,0.0006666666666666,0.17618,0.798,75.08888349452772,0.6874231301306651,81296728.5,15203,1609.375,67.35063624559452,0.5516649998036304,0.7211432129420456,21.78549983185941,129.28105632575853,176.0236220472441,193,76,0.7401358466081029,0.36956879690201927,0.2685284635022296,0.01068126577795403,0.11755386368548859,0.7056886042763597,0.205372320047716,0.7631117314701698,0.06791990191108455,0.8705027210388105,0.6884905970744121,0.7162424769591756,0.13157556373979562,0.005642293228651507,0.7798415371174319,0.7605981138648813,0.7260450380558044,0.3638964669989727,0.41299393418044295,0.4370420427657391,0.9223232708018189,0.7551261836315787,0.4859607825947344,0.8033742812479445,0.03713898749458111,0.4888967053338229,0.8809020061270822,0.8311858550750364,0.707921961948147,0.1564886796719892,0.4900256535993841,0.8838740152720456,0.42834329566172236,0.8542350090302905,0.5962621008391522
ISIC_0024360,1,0.2187037037037037,0.3187,0.816,33.82420141990224,0.6595389797192889,22055695.761904765,4359,1034.809523809524,37.43571137080319,0.94280813692746,0.9609309542719856,12.39983161547554,171.38865201705477,210.25,205,137,0.8726475726949581,0.7148285779301818,0.04182954636787917,0.8026927118682563,0.0648915929672782,0.9208538961587871,0.78101259295306,0.030205694568794073,0.5386224937197781,0.7270886709855978,0.0699652778302634,0.0418650244262192,0.754596789098858,0.7755259207498062,0.954960903384143,0.9805249420985614,0.957592889450382,0.6332313845048194,0.8556047679417653,0.12548845488644467,0.428251535707841,0.0860715534834453,0.6578464376018349,0.22483237795015742,0.9999882261967675,0.8127087553117606,0.4180702944633762,0.40057105142006166,0.006044617613929049,0.9497813174147666,0.638438193719297,0.39021461206528285,0.631949542018975,0.11363408369287387,0.9073358802656486
ISIC_0024367,1,0.0367407407407407,0.20778,0.82,87.97169202933695,0.6548880562250313,37700561.5,4244,1647.5,36.454572435540726,0.942616935798193,0.9573177007174688,21.637269066166187,132.25628776476233,182.375,193,89,0.41745228830338754,0.08746521597537715,0.9734468745187035,0.7457985698793966,0.710473869820105,0.9122265889496493,0.29209807965031354,0.8952415624106937,0.9451829542500164,0.07296800908439427,0.35221535563571904,0.5130948203583501,0.8730223261476987,0.07548979628711672,0.976774897170019,0.055656316401687556,0.13318285490341664,0.36624386531891384,0.6297963799368717,0.6291343939054863,0.4753368593726591,0.3567590287071899,0.5245401206867065,0.2973738379659585,0.6754339568246146,0.6647506526902833,0.37991579317958013,0.19172159663168586,0.8563510403946131,0.42481868839433323,0.09731597230862488,0.6357018087583368,0.28067071323598514,0.8476582788911508,0.13531029538284023
ISIC_0024372,1,0.0052222222222222,0.13354,0.838,71.36000197215611,0.6492758623331205,209948160.66666657,12354,2969.1666666666665,102.76816917084028,0.6477129818907765,0.7749820767530698,23.32916361408264,152.6087411810749,212.3762376237624,225,73,0.5378248397852727,0.5379756940873348,0.8008264935145596,0.5040152904313744,0.24836566933163162,0.619042797639578,0.5574024232001797,0.6090406823378035,0.46513376691912556,0.6190200115597535,0.38419620435906354,0.17290603829799767,0.5439169576393311,0.6790032005898716,0.4960700433051547,0.583796081411029,0.20186182903997152,0.9882689058849851,0.10784584225021099,0.5654228210975605,0.03611762472460578,0.4621218286045825,0.9530425832258336,0.9622176593125998,0.9271540629747186,0.6358987816488189,0.15304241368130556,0.22625404021630868,0.5395458942347353,0.40453276602861654,0.17564704445925594,0.5678774471958549,0.9900335026452363,0.7414877062832562,0.26764879596667634
ISIC_0024400,1,0.1647407407407407,0.1190199999999999,0.555,52.839833833079126,0.7152830949447169,0.0,0,0.0,81.9992506028566,0.2744947490484282,0.515889501027562,20.27127534624185,137.86910407320065,212.0096153846154,206,73,0.9524765963812682,0.9821948151542665,0.6473321545343794,0.4161445947741611,0.4208390692711306,0.08531559207470929,0.6295079547755147,0.5032203559018497,0.03134144916917758,0.9620113199532698,0.4846198703075808,0.1312846066488894,0.6600079495855773,0.7424131614434696,0.08273213971465176,0.8815885127079978,0.3394711216782943,0.9229586515588486,0.6744305205203941,0.19636395842747945,0.7190302511242782,0.05049148047329777,0.29508976465558623,0.41220422724207495,0.020761669047451026,0.0032827934444097373,0.6356828671141365,0.6765366756169003,0.9424921829947877,0.7787136504399256,0.3647148589354873,0.1528374673367685,0.9720444289530739,0.6480262541046695,0.06532002695891836
ISIC_0024403,1,0.0383333333333333,0.26776,0.84,96.14928058804968,0.6537426319682851,59281691.3478261,7645,1616.4347826086955,44.43648302726767,0.8782005133221648,0.9161221577010604,26.606571078115923,131.06873537137542,190.8372093023256,201,77,0.7188483632416302,0.8129284377622692,0.7196614283585564,0.16034598449689796,0.0768210723522258,0.613968982531107,0.3834848858100097,0.9938670845733416,0.9671638269851074,0.4725540506222188,0.5362395985483415,0.2929274230174477,0.6457651993800957,0.18598937538359528,0.8938156926496605,0.8190070664922409,0.886470758104767,0.3333055821625138,0.40960911322294935,0.4135754452226411,0.16836312471181636,0.19600930468751565,0.15633658468436107,0.7465268732353618,0.028892003641741715,0.006254597232121184,0.21708766505203358,0.7010959177923497,0.020482821896688597,0.22538406290952195,0.7405322421738287,0.6076276156633977,0.17649025836512855,0.8958445709134599,0.36909106220875465
ISIC_0024410,1,0.050037037037037,0.2611199999999999,0.78,125.25106411849218,0.7234225131731101,9893118.571428573,2797,607.8571428571429,25.86041921721387,0.8886269657170192,0.9269762786103712,31.80289601712487,94.9580027008627,183.3684210526316,174,44,0.7736120322419738,0.1747849308722128,0.07446398903365115,0.9205640317541008,0.7320768853804458,0.2340448650037643,0.8808798346593978,0.8055210200172592,0.9209699216834176,0.3856153580516919,0.4713890948385866,0.22797175620827803,0.2465410874427335,0.941094581081338,0.39416534333729836,0.5752793221667976,0.806858137384484,0.12046968086238818,0.6659570673440433,0.8857287878271933,0.05755866298772361,0.754224546423322,0.9015189491968911,0.9202329483636735,0.11744568966217028,0.4936559590252364,0.2636216587493333,0.8330907371174031,0.6266903921075557,0.12490720368599229,0.649563232563806,0.30320251634861217,0.700624310525797,0.9432042802154268,0.3385977408978299
ISIC_0024411,1,0.0069259259259259,0.1447,0.746,113.93073179760584,0.6984245072855948,5879724.347826088,3196,516.5652173913044,34.48209237618253,0.9615811313737196,0.9720493012857292,32.2654988010687,174.46866138652587,255.0,253,88,0.6389484489281166,0.9533377788703589,0.9971724234328415,0.4885967064461434,0.6802552087099332,0.061560995966372545,0.5493953592439532,0.8724519823583818,0.7070743988135656,0.31529175286935096,0.31311483102957816,0.49894782216971445,0.11792879764886377,0.9000148147236147,0.5392822738364721,0.9843868433992,0.5604992462864943,0.48602814466017885,0.17081091854240138,0.10429726121833927,0.7305516369742513,0.791183440209806,0.8668170193693878,0.16110953451539356,0.9784976902526439,0.5007269161582694,0.9453386462951414,0.2778181339955256,0.5790441709780026,0.2503333693445522,0.03586715571612609,0.28601926415781775,0.10615664059750529,0.0735550429842301,0.025426172346283193
ISIC_0024418,1,0.0584814814814814,0.11794,0.762,122.97096630790485,0.7048455983412731,6653476.25,4535,586.25,28.81918011500649,0.9412586640531696,0.9559452196897654,34.942966137216835,111.55417436943542,170.13636363636363,184,32,0.9393589378707352,0.951253956315435,0.10782775180072224,0.018115979883356337,0.2898128699993847,0.4499407643151706,0.4494370481073171,0.3244252002780863,0.5457249447141209,0.42413818728973296,0.9511761706344669,0.6237988044184404,0.7891798337455967,0.6248466083020044,0.4044872028596539,0.7102497684187076,0.9425287527629103,0.47280091299078064,0.02410064515396504,0.17646426954631422,0.3670328314492206,0.5280519564483159,0.40051931094619697,0.7644257829067327,0.964081598805368,0.030297054884902197,0.42877064846302926,0.5741969659042141,0.6003641124932932,0.3086722956778246,0.8822291378265739,0.4810688332065377,0.9783089118855381,0.8529757219306816,0.45914506088679463
ISIC_0024431,1,0.4137777777777778,0.23174,0.782,38.31586376704988,0.6667635698393036,19408107.76470588,4770,1076.470588235294,34.72580968280467,0.9231109311206472,0.9460192538086932,14.254221709429984,173.098919085355,253.04761904761904,240,130,0.4023711990149187,0.3845552761760259,0.46551808956050045,0.9484951833583407,0.7638138018526068,0.19075033457698265,0.3149937210058704,0.21883949267563985,0.4763577614868926,0.5948981392008282,0.9127014618682118,0.05287719479480546,0.09606189266257958,0.638384298313148,0.6895536850392248,0.47193626990074067,0.023879527861528915,0.6609625083421173,0.021117379618989962,0.21919871207587327,0.3649551089923162,0.05915068441599358,0.45990762968952204,0.3057175067266714,0.6504479193068402,0.16954099348109075,0.0768037771434138,0.8031216880873753,0.11335905115073319,0.14412567644956564,0.5535757760224838,0.26922303570049255,0.7552546692183287,0.43419991179110373,0.30589836926149705
ISIC_0024432,1,0.6531481481481481,0.13056,0.742,82.67272802138346,0.7156311492674798,5561129.322580644,2742,438.4516129032258,30.888807271378223,0.9400392257476186,0.9611623420693768,25.019051023974907,140.19239652912168,193.0,193,81,0.6629163725591327,0.38454450541558616,0.23477264967453237,0.7121003199878241,0.7433687852613257,0.9166823334773331,0.3448421042464427,0.5742612287219052,0.1794517263502724,0.3601412439720302,0.13604754380166229,0.27748605079903643,0.6445339400212102,0.53472249516354,0.8343237047275401,0.08794996204074446,0.3785711910705277,0.9359642258859157,0.0696995323828904,0.2681889405026845,0.32030167440807855,0.026351705035418505,0.34575666765152313,0.5893742326016835,0.15728687519338402,0.3409121107885035,0.6836939464729548,0.973381594052442,0.21920890065138787,0.16562672418403135,0.1327557247673079,0.7107249986204343,0.5645366929532719,0.5390276117140873,0.2920567801445275
ISIC_0024436,1,0.0071111111111111,0.22342,0.76,73.04318586016423,0.719191588611517,7283486.882352942,3250,479.2352941176471,43.30726766833612,0.8658632791263609,0.9237003821485558,20.55980852501389,154.6514654661331,207.40540540540545,197,89,0.2136000648444043,0.9515718129110883,0.9023881902357668,0.27046805261011786,0.9415588786156671,0.13364478756590037,0.7952953325736121,0.5015237305542057,0.06261060489165404,0.6698926200251615,0.31087868318821177,0.8409632494470781,0.5684061615894122,0.04773087135332543,0.24128005512422934,0.5481137154786614,0.968812502433224,0.33653497420077816,0.687426825357293,0.9742848460669122,0.4205589795566196,0.9059618042390309,0.6870536594633548,0.3537893129563707,0.32148908771473517,0.8929779565698306,0.600693020689831,0.47968892638581717,0.7146757547580074,0.17187927926359958,0.7922593833358854,0.48008610186544054,0.21024571609185083,0.3951066861325022,0.3676871932129735
ISIC_0024443,1,0.0041851851851851,0.18034,0.761,85.6559779645412,0.6920612372585362,15026078.037037035,4431,758.9629629629629,56.59625301428306,0.8647623363488227,0.9245796413516324,27.46721355877061,187.0880662749749,227.4883720930233,223,60,0.6969906102311444,0.8416874905725318,0.8397997919802684,0.4225641772455526,0.090829242346543,0.7403659106839633,0.5977935645791116,0.24440118360958196,0.09169186434053023,0.3915427208214308,0.6083925457751664,0.033742866628690416,0.6824571861153161,0.8637242213243375,0.7388477173524793,0.9332902737964773,0.8374615677862051,0.44217969511726185,0.881888570228486,0.3768779545081813,0.04835055774022068,0.8850059616517674,0.684249619135089,0.6034122310425262,0.9498337922492723,0.7521142491517232,0.6308823310560903,0.5844420424574117,0.11751379280772611,0.7061493675224302,0.9972641856720927,0.2337593676650065,0.085669155804867,0.17718554886494886,0.9833795628044273
ISIC_0024448,1,0.0009629629629629,0.19866,0.831,35.934468974352384,0.6622063214857747,147614016.38461536,12270,2395.230769230769,56.0266147282508,0.683888634070558,0.8337622249693597,12.110373644007424,141.5072552553968,175.36363636363637,170,105,0.8703138650760386,0.9597935667159291,0.5773351841357771,0.8963347561061085,0.3770042811745583,0.5599497318391632,0.4351806954705255,0.5415786803995062,0.31225632908816103,0.2984496509094491,0.08045981354536469,0.6270398630384578,0.17108598156151367,0.6807796523329799,0.05114127190421491,0.20659818307631184,0.012519619799505888,0.017705929395449904,0.07381128548485993,0.33732541924339154,0.9540746364909384,0.222042786608321,0.2233856319010974,0.4678992303605327,0.3805343405320617,0.9860938720292642,0.0366372326739145,0.9793839707130934,0.9713601881861461,0.07154397540202717,0.6790113246428193,0.22679619367138504,0.39060824324150645,0.8644795915750753,0.024219002170211446
ISIC_0024449,1,0.2099259259259259,0.11992,0.504,90.35098476264528,0.705682040050081,165387923.45000002,18401,2885.15,77.20883324058616,0.2444121650448123,0.455338952111103,32.67063840353446,125.56755841018236,242.19323671497585,255,19,0.8067672597975787,0.43794557388333333,0.6142084697321107,0.048408622439060855,0.4455071001377323,0.22748620827730004,0.2107358944059089,0.024776705967447077,0.5531928316753986,0.16978300339955044,0.6424289461166248,0.3486942704541288,0.011881049246492137,0.10597191204753686,0.5214635510449933,0.2931459007798075,0.6363928961578856,0.350067633303516,0.07191283258253711,0.6133397335738571,0.2311128176621301,0.9209325588720031,0.12150107840108171,0.20540779176749313,0.08029449965219981,0.344470827282626,0.05718092605250369,0.8454298412363705,0.38311417531722636,0.2985878521185663,0.5946563781216655,0.39746472513434217,0.046713845710223634,0.8270498103955877,0.8410589605279571
ISIC_0024450,1,0.2172592592592592,0.1676599999999999,0.795,53.09719893881282,0.6594059241941679,305668145.9999999,21193,3377.6666666666665,127.4050306065665,0.4050991505053129,0.6163398577416519,17.221782734859516,172.54313425216947,207.6604938271605,230,115,0.5046018306395217,0.7740864241173514,0.35940110417217785,0.8407975202645134,0.9335304896178733,0.471226665207919,0.23027982071493336,0.4855341555997871,0.42464106794871737,0.6240867706110936,0.34624093803016354,0.3989603981423747,0.28372107044511485,0.8766107639134841,0.8703591993158114,0.22999401358981086,0.017987829272410383,0.41453383421544565,0.013585071080336575,0.31716327050998183,0.31737206891102776,0.15852856192892006,0.597322386999988,0.15379483394183757,0.49954242033656626,0.004002369462052013,0.3127494090764399,0.23175888402351308,0.2486527954807961,0.07283900404984345,0.6900929973055667,0.9082776396173606,0.7896474505150175,0.4032836466326617,0.22492660421056543
ISIC_0024452,1,0.0048518518518518,0.19894,0.766,62.19993144402997,0.7035205638044085,24157274.44827586,4834,926.6551724137933,53.58867000556484,0.7516090609200549,0.8797704505307068,19.713678232510137,155.06627697841728,167.5806451612903,196,98,0.3178989858820279,0.6325510082553059,0.2315230555082165,0.34144822977610956,0.06993363108927664,0.44599887997541576,0.8997031465127393,0.05246845680943002,0.9710327496864987,0.49179461864697216,0.5413530298522317,0.36161098583944995,0.9754606408991443,0.3721445075856544,0.26133666947854495,0.8517609009979902,0.09957558248212328,0.4079888443060228,0.44313804202948404,0.9970036432077622,0.08759053369890613,0.4778594589188272,0.8448600709789951,0.5641374901366999,0.954667815696967,0.42641339695330305,0.8586430436078343,0.0795997727423906,0.094834912638739,0.5850116939625021,0.42522319718606727,0.3128111454915986,0.2924713805485286,0.27511202543706725,0.10995602294901718
ISIC_0024454,1,0.0058148148148148,0.15384,0.569,51.22520479702472,0.7041626052566737,64207609.375,9482,1647.125,62.24118345390466,0.2706277473664369,0.6265531569497711,16.996576749983863,169.13491057454712,199.90972222222223,215,95,0.10196452327704919,0.3983892191924069,0.003345054957064053,0.5982264536284057,0.15922051084120137,0.6351787422128399,0.44684315922408024,0.8108181396914556,0.8872317610697229,0.17359801063214442,0.471592844778434,0.8460145052902109,0.4577232512749806,0.009090756558212898,0.9352465576585617,0.7155642804328104,0.12376733748807067,0.057664554220983266,0.3170281155370732,0.6985013244402974,0.5388673752989191,0.4686096045923528,0.6988305044597509,0.36142464092733984,0.863243352727857,0.6396190911210116,0.5555398987005318,0.814854730993595,0.6439551593362411,0.5660528841632384,0.6407912228253446,0.8589920159174687,0.23475036801287863,0.06949854385835919,0.3516994572245016
ISIC_0024457,1,0.2249629629629629,0.15838,0.722,128.18123399408196,0.7072232588658479,25912553.580645163,11879,929.2258064516128,115.0871526618438,0.5120091281234248,0.6760073036834396,42.76278963948204,170.16452255383146,251.03267973856208,254,16,0.3858536975109018,0.7640865492464634,0.14740378924913566,0.010156052050317332,0.5888917774020842,0.5440350249400799,0.915005278045413,0.33377657593614674,0.7959351209002461,0.6823825634339284,0.09366703725944181,0.4374981652083505,0.3382274303444942,0.6210747835282208,0.7153041844730847,0.6542416681434945,0.619734714523938,0.778405446706555,0.2706790697963688,0.022213030881196638,0.5726881089543684,0.3171502948761482,0.2249504281303667,0.35144994672634544,0.36579796326376846,0.8760302709717169,0.6026400634117938,0.7765615715240616,0.3416509787389814,0.06816717330780298,0.4172392462555419,0.24873997239419599,0.21562637600775447,0.12162563152487815,0.1846607554762062
ISIC_0024459,1,0.0821481481481481,0.11008,0.696,114.06423317931522,0.7108681157168039,38727539.69444445,7353,1054.638888888889,90.32208495640884,0.4413269223939506,0.6090869231570055,33.15666499600045,104.34946061239292,234.8940397350993,253,43,0.30837462824928585,0.8458506731480792,0.6761756904087783,0.5915456438452124,0.8198015506579656,0.7448948126545402,0.48856361713741214,0.2157126115453467,0.6647246931357649,0.49261407656775824,0.49330484225718285,0.35526466570057236,0.8578833479524236,0.6120405969915345,0.5919831253872788,0.6404576279840835,0.6325979840898911,0.8892047734103338,0.4205863096635566,0.42737852474642923,0.19453701447631988,0.5924435154982556,0.4205592831855711,0.7331672817588929,0.44339885865028184,0.36155338157664896,0.7422770669603473,0.15448478201587112,0.2753842060314181,0.41369315949101915,0.5255390444769971,0.9560442031737314,0.23450723345624025,0.44337255870264947,0.2274679628226567
ISIC_0024461,1,0.0,0.10334,0.762,32.586474046915406,0.6982794664491122,26971134.0,7727,883.0,82.14921164904472,0.6985448497603592,0.86861420669313,11.514629564835255,191.16293424853708,217.05434782608697,219,135,0.7423605396200795,0.09295069398981781,0.15977200889087273,0.7795005563809873,0.0921381179481705,0.32666209722138995,0.5432526670723279,0.6942723693130053,0.8329909869044166,0.37273585322454406,0.6391076711950371,0.1471694191715498,0.6613464731387577,0.563572833039787,0.07060044438508639,0.8948557918140253,0.853141708214564,0.5290388919848824,0.27788404907903563,0.6360979624426857,0.0010628040560755059,0.25702253794687124,0.9441456114286692,0.6660500244833459,0.6382064520211937,0.6663644736731646,0.3848495420085356,0.2507123679579758,0.6140105622840446,0.24168543971116574,0.22612780363633633,0.08054908236928704,0.018755034380504854,0.7036263090273212,0.553136133811083
ISIC_0024463,1,0.0015555555555555,0.32556,0.877,47.95591484166347,0.5651093970953076,444044078.4090909,29370,4503.136363636364,100.41874976813206,0.4740007619890894,0.6956769054204016,15.834330710605071,138.6890997071183,177.61111111111111,177,87,0.9217914003166787,0.389224035514515,0.5799272750638353,0.6784911481719762,0.4991227368733674,0.21884681668577244,0.7306835397031155,0.24880477883916774,0.54699620803516,0.5693784686869315,0.22886338388466798,0.8389487492595362,0.4611081442299594,0.6833649947196314,0.2906547705942105,0.010387611863030832,0.07937609062743423,0.0907676790952463,0.41616720600982493,0.6068644966702447,0.5308714658551529,0.7855514394339272,0.3330997302598936,0.6079311379751037,0.5156224691040506,0.8682230885936072,0.9300556871463409,0.10213548905456937,0.49386030806150505,0.25932637778199097,0.808603985825073,0.517189577468367,0.345549559054397,0.8088262882900887,0.1852970986106366
ISIC_0024468,1,0.0,0.16412,0.781,47.39656266843381,0.6934461112801115,85361337.26086956,7345,1937.4782608695648,67.47636431088851,0.5344471324378562,0.7119576869830552,16.830500145933996,167.6920475395386,216.68148148148148,240,112,0.1826287129756632,0.9717234771210436,0.8705785881992113,0.35206394068408053,0.8278310258687757,0.45615397842885363,0.26671490991584823,0.032630213737844915,0.99739992216068,0.9989833604161749,0.06500159005049644,0.19428771385421495,0.8968445054456856,0.5128733256912112,0.7732628892031908,0.7427519147562823,0.6332610027296727,0.06186235779574201,0.9782829424733506,0.8799969605643265,0.48978096504057833,0.826485327753855,0.6858962209908521,0.027167320802654604,0.9640000640065539,0.11675019223019556,0.11217167390241412,0.5777927476569803,0.03434562542047326,0.28360713209367283,0.6732494270860662,0.7762641934238302,0.16763726113521216,0.9339734361828033,0.19423119211346762
ISIC_0024470,1,0.0,0.1574199999999999,0.764,59.965001751183,0.6648566631111146,240801863.77777785,14907,2603.777777777778,66.47358931552589,0.361254994778808,0.6251804045137307,20.737670718648086,141.96994144563362,192.2809523809524,196,79,0.9489639272178568,0.5901943269537632,0.02774857963554911,0.40384823309852447,0.5628239463913682,0.8393096810374168,0.7641444519739379,0.9460007739265796,0.4989356552220928,0.5081934766697435,0.39832247968366763,0.5967905838061254,0.5266808059359811,0.6771729720997929,0.0028883071687831885,0.4534049523656224,0.12657674336487001,0.2682993716654626,0.5567100876713834,0.555130008664303,0.32931387012260016,0.8426020301935184,0.10444020432762413,0.6179048775581792,0.6565104890444418,0.45013353491895647,0.17341178680542868,0.591542042167543,0.8312335208705787,0.10904662744903082,0.20244754151421152,0.5807994908060421,0.26456226864606247,0.9314847911467933,0.19981462909186787
ISIC_0024472,1,0.0132222222222222,0.2232999999999999,0.766,41.31153450510411,0.6864514847570322,27393503.297297288,10846,878.3783783783783,67.0455128918568,0.7401121794318033,0.8508060025313433,15.144506417829088,167.80059267756428,207.5,201,99,0.9237720065126369,0.4892534521281646,0.7324605069002326,0.27265516845313964,0.9427088253838586,0.008027837057473342,0.601297700330976,0.008367784227050756,0.9173730287209465,0.35308349092442215,0.8875144220008347,0.7675149157608399,0.5504104791623272,0.5754492951066931,0.3795010005466406,0.3643771505516371,0.32346654304114386,0.070906760706956,0.12330415474014533,0.005336119120206595,0.7304719982670258,0.22417079394882333,0.6865893081600944,0.21073635634779986,0.29512833951490913,0.4328620935865698,0.8200831521298398,0.6307546311493026,0.13763795734572815,0.16160887017551162,0.6660367152211101,0.4212063478578082,0.6145812537520821,0.2222838902775507,0.9638685755619589
ISIC_0024481,1,0.0032592592592592,0.25056,0.777,87.27345129263396,0.6890295067978117,17349641.115384616,5708,829.3461538461538,53.72356891114821,0.8758123895994642,0.916947330236488,26.58980647689783,143.1961203007519,206.88571428571427,209,68,0.955307103946635,0.043147226846519726,0.8653999326012595,0.31967674643607114,0.13515182999295516,0.010791360173441067,0.7785625290306372,0.8533303639050123,0.6989515739486988,0.06452123970243384,0.49655388772349207,0.9764527769405457,0.2106742564841163,0.6806082625810947,0.6007773442797762,0.2915631149329928,0.4227632967030889,0.42292809711506474,0.7079397502758239,0.8768489033662463,0.3149562581088794,0.15976276107232024,0.7860413591625807,0.8523721610268727,0.14837692880581865,0.031949105405562284,0.9148429412403477,0.1990530646094686,0.39136251401221345,0.06437003516597872,0.23349296690674382,0.8071201580304856,0.18133791594674864,0.7483888554307886,0.536670143087099
ISIC_0024482,1,0.0341851851851851,0.14518,0.833,98.15444136841738,0.6446102384512575,229700804.81481484,22391,2929.740740740741,120.5444258950102,0.50562718048554,0.6617734457590303,29.735944164856,132.06760745805596,193.5862068965517,206,63,0.7733050173502041,0.20631794180003427,0.18568749277237184,0.7828811198711643,0.44713757008314925,0.363731441843258,0.5884523140005533,0.8842946790450643,0.9188489638333717,0.8884894627864994,0.7978200635544985,0.804422720906536,0.1375569014170117,0.4092272735782936,0.09979545000395229,0.2182239409136203,0.458240987197263,0.047175951834876106,0.6141058431410272,0.04728952471834269,0.07232375949624725,0.4860475889899425,0.7318077966567713,0.545511780405936,0.12040280839536976,0.31456885332869744,0.7262765799321901,0.2159551500154333,0.098211130834163,0.9823650963652042,0.712300943097081,0.6242919016737715,0.6130070616386821,0.669707216508532,0.7294251934259136
ISIC_0024496,1,0.207074074074074,0.27148,0.787,94.6669753366033,0.7069703749870145,29756539.33333334,4711,1062.7777777777778,64.46277128547578,0.7342483355200765,0.8053564735877804,30.126275229739992,108.2092592332636,165.78947368421052,188,26,0.5327862323868188,0.8441730639060793,0.3984394462358063,0.7650437350386423,0.572575209579776,0.5070975545970423,0.2513129080791586,0.587329648997061,0.8571758931062646,0.7889998047873997,0.820520920512447,0.60043471424836,0.9400054830699867,0.8600278270159133,0.009830289055571262,0.10118641062385414,0.2821128644955192,0.3063291444209083,0.6813589585374747,0.9604127554356625,0.3456827031218649,0.11007116081851942,0.4954265359594143,0.3792903049728399,0.47106938413595756,0.2562798339009602,0.7295562680154669,0.5874770341394614,0.21077139840451986,0.7397762355379713,0.029692740220033875,0.37959443070521404,0.1691869314817097,0.6186202447004023,0.9046671810000162
ISIC_0024504,1,0.0166296296296296,0.16718,0.746,71.70041979912112,0.6851329042926407,87258080.53125,16133,1666.78125,118.50668150621404,0.4234180285104956,0.6421338078836071,21.981176204648094,174.4040306380053,247.2486187845304,250,73,0.3935219750582323,0.08526883290680787,0.9241207869384567,0.2626170313629812,0.15715079366100848,0.9130160727723217,0.7683893672314319,0.26219503149737877,0.3281804008577437,0.5893584753423246,0.3433716245215581,0.9076949247075006,0.8993361284468361,0.8302196530908766,0.5950955431495354,0.2218155049510393,0.7368898246265586,0.25197055985414774,0.9907318669616796,0.4272560188714162,0.8951318732816562,0.41604714530731157,0.7504350652727714,0.5312283233476415,0.2214198866093291,0.6901370995210827,0.7284417638475305,0.958676626029146,0.7962757456304967,0.5171859536811957,0.05621940119477453,0.5824933885698267,0.31798362158585314,0.2274431721964687,0.019740232734123953
ISIC_0024511,1,0.0091851851851851,0.14082,0.197,67.62909732424059,0.7022500788593866,32480831.263157893,13946,1316.4736842105262,33.740330179929515,0.5754406772206837,0.7871950580174367,18.65214662191388,153.27227850936518,185.0310559006211,183,61,0.7465088623817024,0.13347307821508692,0.6266467147778862,0.9121647922242411,0.5626204279578814,0.7522698049783592,0.32493602800556665,0.21604517508540733,0.4788301686560853,0.7428958420693099,0.13420237789029588,0.8546843404417431,0.3717391911511586,0.023560229790069664,0.018196756049092877,0.05129222229497554,0.5391638532832295,0.2342299392022541,0.46599701098476354,0.0839473081080061,0.9328319876633397,0.2855789691440582,0.5679420149855444,0.14385570095627342,0.7136952470424751,0.7080076992505847,0.38037735601794853,0.4312037534754697,0.5063736678930143,0.7587653830457316,0.0354972182768003,0.4348682569433865,0.5916104703953821,0.9633497261164288,0.8094145535349094
ISIC_0024515,1,0.0054074074074074,0.14726,0.781,76.3063003613858,0.6770905009543796,23027031.633333333,9634,890.5666666666667,33.02735670562047,0.8676990272528593,0.9141476507856746,23.060735312396428,146.52378534897713,193.9333333333333,199,74,0.3820326786893047,0.5254222592685297,0.32552710755045977,0.8082879861588347,0.7628880489721218,0.21404792664089545,0.8169631994295147,0.9213151305859252,0.10934371248499486,0.9787847298503586,0.9835831324059721,0.8108080039557963,0.1726548881177561,0.1372722542641719,0.9076233550749229,0.192238527806041,0.8645247209683767,0.8138976770144181,0.6116635540811071,0.2628558121450938,0.1638870867747526,0.6626973858613728,0.27734097561895044,0.4335843761915853,0.4810148963164901,0.4827702041295663,0.05512964744728088,0.9867869738452332,0.9801136754060569,0.9315551768413424,0.5381575662811746,0.8546723382076286,0.17117752401058672,0.064667481386385,0.9204983205778159
ISIC_0024516,1,0.0064814814814814,0.18012,0.779,79.78887682327412,0.7044891729993806,47695362.45714286,9217,1184.3142857142857,53.97805230940457,0.6749146782760874,0.7851800669122088,19.39997767407321,110.36901243900763,158.13684210526316,175,53,0.23531959063131325,0.8401801006578733,0.5446394437884383,0.09379611122849163,0.6993550676626232,0.3103221692887618,0.6809976714600295,0.6688387131522615,0.7285010010880262,0.9201578445386003,0.6119060081658851,0.3761659668734124,0.7146044032478576,0.35568517858804394,0.38171369869387994,0.19256576816340254,0.8290839522518028,0.8600727230539923,0.025510230579300575,0.2276760140749492,0.7487954248671658,0.4218334672911841,0.11034457264157749,0.4189619753506547,0.5611852741453967,0.6026361268824215,0.9691341963569496,0.20772527233381521,0.4396513733600321,0.4962652973195224,0.3074730631035265,0.315331706944884,0.13547977305373204,0.9622557854753859,0.4034413231518401
ISIC_0024517,1,0.0,0.1614399999999999,0.779,41.14713955869204,0.6909861140898294,21529702.22580645,5422,848.3225806451613,46.82862548692266,0.8624259817452599,0.92009121851072,13.459947527236954,161.4162957333623,178.66666666666666,195,106,0.9268476955874556,0.23998736530595455,0.038629021598114544,0.6659594643882325,0.11606576339187591,0.9562321573858694,0.9918519641163124,0.30631612003491493,0.9929666267073122,0.6909744037128578,0.35715976880075895,0.057144088777950186,0.0707671350430481,0.20780367608563544,0.5163170435760461,0.04383766869903538,0.25108273304598305,0.021849658402476102,0.33631634699620094,0.3034585926250205,0.6542347554048003,0.4964276045207543,0.7632735878279276,0.6019877001609216,0.7089416505702084,0.8690145853857189,0.4248278876905591,0.23082939940931468,0.020461789841639044,0.5827824191160818,0.4868339042756752,0.2504176443964323,0.42711111868085505,0.6517970395713423,0.978041415205706
ISIC_0024522,1,0.0,0.32614,0.823,40.605262178851696,0.612042040724968,51911078.31034482,18113,1351.896551724138,54.72505286588759,0.823776521903987,0.9134193925982356,12.511908055324062,152.42896082252918,172.54,173,107,0.0204406931486113,0.8478556552130893,0.7780566124627801,0.18556600421135383,0.9641244850686885,0.2502690407533732,0.7422245182893394,0.44582974756688276,0.025631744269289936,0.2253780783491739,0.021578077008115426,0.5029835890059615,0.6357102737366912,0.8095450024421291,0.3990347219047947,0.7352027117745982,0.20340690135346695,0.7245890174841232,0.8339869099818327,0.31235453358004506,0.42267055756709104,0.7603071804290792,0.567180918103383,0.7764524829876882,0.21390813343977422,0.9898630135532903,0.8225380464301424,0.005312144449264644,0.5874931657022715,0.7620900591362769,0.5894397718859599,0.32975257770294253,0.2359086359031155,0.06627620816488278,0.9328972411631532
ISIC_0024525,1,0.0101851851851851,0.14476,0.824,58.0920216935793,0.6623728956023899,128864663.24000002,13763,2282.36,79.9468224819143,0.7106818683282465,0.8079872469074786,19.17257527004396,152.09959069375904,190.54901960784315,202,84,0.8231124708581776,0.049778981703387126,0.27418108134389774,0.6955632455007903,0.8896655542397813,0.9929260621611786,0.8669976003977534,0.9637653830202464,0.42747553537168625,0.625005176932746,0.2206039057754996,0.615543154054592,0.23856872472379154,0.23322755624659097,0.8002068822937288,0.4516894247956579,0.9865236741026407,0.7498885275116798,0.11267852384779964,0.5442494011521616,0.9688766513918047,0.6200010566509043,0.9890890303787623,0.8563636180868398,0.06976312410302277,0.6767502631664365,0.8980985366922022,0.6328281769493147,0.591853129312984,0.6357584611040973,0.9053119805158556,0.771998427815511,0.6731475993291336,0.15155405650866216,0.09773468664011153
ISIC_0024537,1,0.0112592592592592,0.14452,0.793,63.68753084722676,0.6841563772428597,53637339.79999999,7567,1351.6,48.82218512335374,0.7614590602267977,0.8366627234346227,20.68444081605308,115.1981634067658,178.5151515151515,182,59,0.0041849313687333245,0.7526397487819833,0.8318277311685127,0.4655624152236246,0.6036881652197321,0.9260869445213814,0.9525966788511762,0.7757119465723646,0.33542418092474713,0.44483850282455495,0.7312577998101081,0.8156383680792733,0.3631594364232207,0.6564407964172616,0.4676532847200102,0.5523679725914379,0.759007167943371,0.5898481229491676,0.0877778566885331,0.1018517405326953,0.8230236717368715,0.37879295024186876,0.06631566198638661,0.32468322348132306,0.6752542016430908,0.3105920517509305,0.8254565212105038,0.3293633993687215,0.8779617375327925,0.7566827360651625,0.7393559347391228,0.31902202794756296,0.9607347910969603,0.9062851072637836,0.5687582840692162
ISIC_0024539,1,0.043074074074074,0.0670999999999999,0.719,100.48533802793646,0.7275978963874711,14541947.75,4936,596.25,93.11721758486368,0.5913297954330938,0.7336535059229535,33.75821631086649,140.95973655683795,223.8771929824561,247,35,0.8912308605387197,0.8458783366084897,0.9024756552897766,0.6029189035443792,0.42741628049928027,0.7029384953498083,0.11936449781640435,0.8130480994694718,0.3997784898160508,0.14775456943858767,0.16631670461962822,0.14140407631602625,0.5466709017114794,0.37601682350063503,0.12935739534204904,0.9523163436963828,0.7101055804693138,0.15767694160482493,0.30282362584958467,0.9225524396025111,0.48048736348663257,0.8539955064415253,0.6746520950957311,0.6898775670053384,0.5921292117264773,0.1593660580913775,0.12186628973652858,0.8593480789149321,0.30017499314700247,0.9591003707330733,0.07265804644684881,0.7619579051794877,0.9272655190810226,0.9618861203091997,0.38638094860382965
ISIC_0024545,1,0.416037037037037,0.1920799999999999,0.784,139.31760568233548,0.7033294273181127,30582069.243243244,5514,927.081081081081,114.70950102021892,0.6299109881184499,0.7183444240952668,48.14955616843206,128.43981989417776,254.66,254,23,0.5454307594009866,0.3847094550078475,0.7951439560228412,0.3906922175426568,0.7136588168948805,0.3607669145323862,0.22473126164040658,0.2303561702643392,0.41020887315694177,0.4147720815431437,0.6382180688042675,0.2186925296604364,0.47159468178317576,0.3046678044804504,0.9420567886084569,0.10695239053946426,0.6604599845467417,0.005291490905795615,0.2301683571816222,0.8748895335578719,0.8123118591682904,0.8679863036242043,0.9097557845735992,0.7997277431366494,0.08537223127967086,0.154694668093182,0.7637870757036629,0.5762217276814956,0.8507054083688002,0.24579760074870216,0.728430633435049,0.46814227634756167,0.806615205957118,0.0677780986999118,0.31119899883897384
ISIC_0024546,1,0.0,0.17054,0.864,62.77412971697967,0.6393127438819587,213982959.4615385,17743,2881.3076923076924,94.26619180115006,0.6390206283335887,0.7529561685405268,18.755727868409604,138.4353153897815,180.27272727272728,202,79,0.955448959378489,0.7896002639093175,0.5801033855708391,0.11442056444075566,0.0567113455954652,0.7550348962246538,0.4064657033903396,0.20004356466543427,0.26880709143882475,0.0690601740881438,0.23909573376268278,0.7452707315052091,0.48941068519375264,0.39304641020932685,0.8986430078616717,0.8534134101163023,0.726743027596247,0.4159026933348362,0.9580956300805387,0.45558233374593804,0.6979656714654097,0.240017052388111,0.6527631815116007,0.4335879638184609,0.6767724307413465,0.15446717029447055,0.4347256254326639,0.14388443461435618,0.4729234630357393,0.685332528578878,0.10305946733736693,0.7955651991106562,0.8472094944918253,0.4351759370994088,0.7554527783324317
ISIC_0024550,1,0.0294444444444444,0.23222,0.864,45.81223625104656,0.596143207572368,313363353.6153846,27030,3484.153846153846,95.066510851419,0.5287937414398788,0.7184778510842743,16.267183980393778,180.1657124506111,236.6904761904762,214,71,0.24887426340921703,0.33687382384001185,0.7838341096877947,0.6288558004138077,0.6755853233078079,0.5544410365768625,0.2579547165222048,0.578817724211879,0.6926536885643222,0.6979853831056001,0.28116720042908205,0.3232681855855445,0.6922127443231881,0.6681741074342694,0.5316649047179348,0.9579610166691344,0.8711468201731994,0.6453819298668736,0.5790360507861132,0.30126981043064016,0.10598580257971235,0.6097785396680951,0.25971971298187246,0.7590715579020147,0.6707263297803568,0.9276241890939968,0.7245567262575766,0.6321397492521867,0.44033536881123847,0.6386913499315714,0.16933726313180164,0.25210580125052906,0.8123869807790297,0.4074794238524846,0.5749349828868658
ISIC_0024552,1,0.0946666666666666,0.12494,0.821,81.78001461062381,0.6755787258045391,168596535.89285716,9954,2467.3214285714284,76.1592431830829,0.5128959481901725,0.6821799277939637,27.02566094406501,118.97905701838144,252.94656488549617,255,36,0.02979363079500008,0.31106591475106715,0.8924919458696045,0.7500394274708884,0.8419706093016954,0.18418943855513203,0.06596092813730459,0.9772305213961591,0.2515269264815473,0.8356104342465304,0.07676122372278293,0.8080432092105191,0.7006724517165929,0.13849462996052275,0.18413850813472288,0.19003458174821497,0.32328406849596303,0.060408773888237954,0.3395738649161437,0.781025910643043,0.9839992668090769,0.5583646693321033,0.00751187274900722,0.47227342827859997,0.6616748829804192,0.24839107839783758,0.5681217859387525,0.4171138198509241,0.6531011757094334,0.43745322567460043,0.9104959959089767,0.8783867130203039,0.9721534485041484,0.1366476280997294,0.07190937200766989
ISIC_0024306,0,0.1402222222222222,0.1341,0.772,99.48261098917024,0.6907342346441243,76728702.58064516,10281,1588.225806451613,62.03610461880912,0.6551219992059147,0.7876017618526159,32.561569373779584,118.64994039193652,150.76363636363635,185,35,0.11040437883946375,0.16619613044210813,0.6027179520456085,0.44819767237368435,0.7082209231092892,0.8307926812195434,0.6643540241946779,0.38351029932099034,0.6336680236694427,0.4284466009505984,0.08447720682165749,0.8015995782126564,0.367574695426507,0.49901475939150874,0.2750546178419375,0.9295448785470425,0.004699452423825523,0.945339084273186,0.643799886147584,0.15577282543784488,0.5613402891030443,0.6578897275951837,0.33950014958149577,0.8897717519293302,0.31785961208056546,0.24319126748986974,0.08435112844420878,0.16804567425602746,0.45438794524108206,0.3013178910204888,0.6905233397094646,0.5770980117945733,0.5259650511072826,0.11710670201131823,0.0350964400648881
ISIC_0024307,0,0.0,0.08074,0.748,65.37622169415575,0.7174145737866422,31825456.391304348,12741,854.1739130434783,71.32018549434243,0.5810958368758609,0.7416406876817081,20.67583739193704,144.33527333256325,166.48275862068965,194,81,0.27081485429841856,0.5892546386929587,0.4519231464219925,0.5241234407548594,0.9117255398053746,0.24039149853680764,0.9423988514367039,0.5264585719096753,0.8275027425874193,0.14089608392869468,0.22108192149310468,0.8439653513419313,0.9505281895837676,0.5489360409382494,0.16540967982983235,0.03492724826303695,0.16295503673949652,0.11177036599736467,0.4459168484244066,0.8879257793594709,0.045533484819669234,0.6760835207573627,0.2504955838759162,0.31184219381688694,0.7443075342110267,0.1453281750403439,0.04490712659331986,0.7763029232371711,0.25456385472272125,0.6886062107504298,0.007455223198769123,0.6754063043637968,0.20833547631899907,0.5886108248514156,0.12388838655616918
ISIC_0024308,0,0.2747037037037037,0.3120199999999999,0.811,113.9975136654935,0.6940103649461165,58852658.29999999,9106,1415.1,64.81084028937117,0.6280175566149262,0.7366519566165737,32.775017732255726,104.10285849657828,161.85245901639345,186,29,0.7108347977853049,0.951350778619003,0.4752760642460575,0.7231660038792747,0.3400986147510505,0.9862659264358185,0.13092245484297527,0.5376087630573457,0.9301027543633883,0.09676803259631128,0.18945043086338598,0.8540860291913172,0.20862010089474303,0.025537806373865046,0.14575080534168694,0.4928681936283572,0.3986669925890388,0.5576071073277837,0.12064642946828086,0.25984068332094623,0.147738191183732,0.7129176107807379,0.14603532205291536,0.7341391695609845,0.8006764845541036,0.36606936558234193,0.8724783074688627,0.8765990920739747,0.7251740984204945,0.33630694326516486,0.5052417587147222,0.0995311919392009,0.29778363618804105,0.5650837799018703,0.11779214859552745
ISIC_0024309,0,0.0,0.17086,0.775,67.79725005539937,0.6877690843309429,27754290.93023256,15423,824.3023255813954,46.91061398627343,0.6416542766090968,0.7965712222217799,21.727142207193964,117.96464027157158,151.02061855670104,166,62,0.6658198405287509,0.6535663633143055,0.5927351690738296,0.05061845056610903,0.49708557790451413,0.27821668584308024,0.9246294879551821,0.5312913043932301,0.6508023538457441,0.9676029557012952,0.5863936946955297,0.7950878945363901,0.7356859711324543,0.567221825405131,0.05041690909080754,0.09609391873855255,0.8211511738881797,0.15608216127182706,0.5976694174834682,0.7167811025260881,0.3070567332980343,0.15476520742255973,0.04755935164218206,0.9958573234092368,0.3998139827792089,0.3023084235102196,0.5160748506455868,0.776725602975975,0.5958997917164834,0.37368983663201305,0.21747585405835979,0.7879569445371166,0.3510616580011743,0.19090174255930648,0.6367932585296018
ISIC_0024311,0,0.0,0.26928,0.808,68.15798218415958,0.6681391069987348,66505856.42857141,10183,1395.428571428571,53.419610461880914,0.7036221830690074,0.8051794582614286,20.273575079760104,133.48528684781607,154.7872340425532,191,74,0.8660051075850468,0.5249063010011383,0.933555746534159,0.2769656015688332,0.7517242103946336,0.3240023863278889,0.4658087603528608,0.05217558397398925,0.9422343371637834,0.5194479400559356,0.04489351577341383,0.7562577619906501,0.23777343103368787,0.32109798872401485,0.7388236151569958,0.5708365827656346,0.6807836699356953,0.2266614803486502,0.48065945579058,0.7250489982846037,0.4322608398839277,0.6316640254666631,0.9650412204658723,0.5157603889572495,0.9338143449638132,0.2826327288776922,0.5093467750859678,0.2597656498354427,0.5898167033993107,0.4017622637150128,0.09136372960263439,0.709568239770965,0.5685380895933555,0.3100139958623942,0.8436622976030177
ISIC_0024312,0,0.0,0.1500999999999999,0.798,44.05426780524575,0.6807630121025865,66976572.12121211,9918,1440.6060606060605,93.11943609719904,0.5674680211924105,0.7226857559082195,14.62099935479756,161.31111283163003,201.7697368421053,193,100,0.8649807947386386,0.0765062171279971,0.8962793078918933,0.7065645492918564,0.6442476703311923,0.2902884853019435,0.006469802062820551,0.9778642144105925,0.7131418151575448,0.49212934497845606,0.7359685093472457,0.015968744772779875,0.06781135950052064,0.7320047784424679,0.02043522027995226,0.6471382787776169,0.39308744417962904,0.7236636025875225,0.9675039004648187,0.2721352720986957,0.2247972669409637,0.11362075192488408,0.5876754038761385,0.9669518470932164,0.8493588268690986,0.016766286601623603,0.44179237879777034,0.32142614285347937,0.3741040748614035,0.02002223022037808,0.3498726238619332,0.7125928789400188,0.2526463808051982,0.8151128090378705,0.18346000987294786
ISIC_0024314,0,0.0131111111111111,0.28652,0.78,116.23469105656032,0.6705151848803103,13856862.5,6908,742.5,46.37032090521239,0.8927751574280927,0.932425881271269,34.10126869568117,150.2078629500581,203.9354838709677,190,49,0.3368134205646758,0.5137592210378048,0.6984820331026452,0.7553049793752551,0.17182062484416194,0.12227096051456943,0.5180105240313488,0.4876695065083816,0.8122352773998073,0.6666816318406814,0.5205556490249276,0.4971515472057423,0.35001167051573834,0.23855229557649316,0.6373999295219983,0.8895281065222231,0.5234331348085555,0.7501131353658105,0.8950659945853852,0.24300456963187844,0.06552922781808701,0.6821024318880997,0.15382732139913935,0.2899120801815933,0.3401037435186973,0.8397198602239262,0.9931108434097876,0.9980296374156659,0.2965118556939794,0.746857420623114,0.194855670547042,0.9936248398025458,0.5623907636481988,0.8645359777787851,0.7868968419400905
ISIC_0024316,0,0.0,0.11752,0.79,53.66872825172926,0.6936702647025268,96323987.61290322,6805,1777.7096774193549,57.60586162122056,0.5561959611827426,0.7151991035770524,15.283252430910805,123.93718174450127,133.48026315789474,177,87,0.6019720508297182,0.4105377690516443,0.6767710021149311,0.16499373085524716,0.35199213605033264,0.9834035064790316,0.06742465410513332,0.9994456824639477,0.00559953987908135,0.2664808988632127,0.41478644158905076,0.7527846124836606,0.6514181367055157,0.47310859192016796,0.9858638179396749,0.9533684079772137,0.9864495297623218,0.9163872249446533,0.6269960401402642,0.8692040444409552,0.8708101761566243,0.87718088992448,0.9162999454719105,0.015255781463226592,0.9306424022609796,0.9162939170139303,0.832517723991968,0.48212806648650475,0.3244443894984623,0.05343217176324755,0.40786277696375806,0.055951386566785666,0.41231670565901124,0.07571257903859463,0.12077057186270057
ISIC_0024317,0,0.021074074074074,0.15506,0.823,114.9482163659166,0.6893422142745683,139303441.16129035,9178,2134.8064516129034,84.03644592839916,0.6342449681672068,0.7524308739970221,32.1458020229369,108.17898059982689,178.0,212,44,0.807749257359426,0.7738876490456442,0.3725070059493054,0.5781466601287071,0.29741264666883493,0.0017656470924160006,0.8162176994806272,0.4368296184481666,0.18653327624592675,0.8492458826693863,0.6919179537018713,0.1281350296688043,0.652679542695183,0.6074126557835077,0.08644017665191128,0.11854036973219617,0.15037139195473515,0.7358621516898454,0.6711523717327103,0.474433233176383,0.8995775199668997,0.08118564469711387,0.518824905366686,0.33061371662005634,0.37079129097943675,0.6036430994787935,0.2595186991906302,0.17475379235450605,0.9174469443664862,0.04159971346786717,0.4025701791349774,0.3128083918977691,0.6070973592616734,0.9501696611091983,0.06932058736783986
ISIC_0024318,0,0.0,0.07074,0.721,49.022740620829246,0.7399199883356707,3693333.5869565215,1009,305.5434782608696,30.36607679465776,0.7811923101988852,0.8619005586475822,15.951195616389043,129.08638254641218,195.6805555555556,219,93,0.9313230107897156,0.7296335417169685,0.5325987612716816,0.2598513265630875,0.6575624080006539,0.7736039387915257,0.3042480250943991,0.7541177138781462,0.6362308090249756,0.6490159774303569,0.31055841960929054,0.9332908404194078,0.9460832827354834,0.06167738288842506,0.3396488999156487,0.03835089681436277,0.4971826210954057,0.8039085958675706,0.9899217637005615,0.3917845704241485,0.29351627789461887,0.14095166054068387,0.6390879854355567,0.30730632690341997,0.9618525955966907,0.7873632279387494,0.9945719507384547,0.970066760216316,0.569138758221967,0.35587837636095654,0.5400672414008213,0.7751410471640496,0.14786899165007994,0.09126115200516438,0.8524663198832376
ISIC_0024319,0,0.2827037037037037,0.1149,0.805,130.4375171631568,0.6867668540066595,71011402.0,9091,1606.0,52.96054164347988,0.7943589622737369,0.8507347923086711,34.09323256137466,88.13797335945388,221.2372881355932,251,36,0.25161827168340434,0.523225707343211,0.5204388595317567,0.6406175392866944,0.022772504485000233,0.31276339983961443,0.11783076983374952,0.06189905999179024,0.3341877317000065,0.10721754234509795,0.41406090424807396,0.22268985309675116,0.20030435267747249,0.5455820039513584,0.17916083272210592,0.691824012345615,0.6614207310805591,0.7182616167485668,0.6975554040363434,0.2919848901433183,0.9833148778426846,0.9751795228803756,0.08133100610109456,0.8472662344785299,0.5585896611863276,0.5890769561946149,0.14840959744936122,0.2683484517173923,0.6788500973348287,0.9531916249429677,0.0271618074221307,0.6789790567108702,0.41957412856775533,0.5216502066245389,0.07754519500630852
ISIC_0024320,0,0.0857037037037037,0.14252,0.803,67.01048865560833,0.6859592938311797,124203409.16,9220,2240.92,32.99291411611946,0.67522867864066,0.7868923200675373,19.927505900365528,89.7864658606899,117.24509803921568,161,46,0.9639784704561434,0.5678415129684244,0.43143057208947955,0.6915852645400897,0.1732228671912701,0.14038158281967006,0.50215205604901,0.28154560964095854,0.2631112529117112,0.23404171063471368,0.33859583530126824,0.7171683225636178,0.13190739813637542,0.866822325144276,0.27298457967183043,0.7172549287738785,0.41845814325260844,0.028700467222433135,0.3094534736292509,0.4415977863646312,0.3983663693576519,0.7700510381321567,0.7786626383330801,0.35662410719828574,0.8814542811881245,0.5660268733054458,0.3526554292046127,0.23688999021213242,0.6730070267916273,0.2751920452547162,0.3362409063485956,0.3084202097344615,0.03655470438861208,0.498142166065663,0.7009245048088657
ISIC_0024321,0,0.0,0.19662,0.75,30.385350034075483,0.7095784371988296,8726123.333333334,3151,581.4444444444445,19.62429233908365,0.8805918694059789,0.9335882926311642,9.682056248524754,128.69127390923865,122.94594594594597,153,94,0.13004575475398672,0.3642265206258827,0.5607922897524396,0.7873185370062373,0.6173592438259771,0.584055078960649,0.3429696684267656,0.6597232972762704,0.5478793969196797,0.551080485566252,0.03762489306672534,0.23624097175225056,0.6633988072412182,0.06083887246700337,0.7639231200560431,0.9213515672710795,0.6010104511321502,0.31613772494139614,0.8345083280243755,0.24557226590223613,0.47415566727741776,0.21814686537391192,0.31169222123419527,0.6575090679982586,0.6776276627811596,0.9916884139599932,0.8728167781024174,0.13147919813601394,0.41679264339529687,0.8842871174195301,0.23586635649862153,0.6324882537724468,0.806558003558659,0.2225334819131668,0.8446779493234772
ISIC_0024322,0,0.0,0.27824,0.775,54.10960748316212,0.6868564870800256,15285782.034482758,6668,739.9655172413793,25.975707660916346,0.8752629542596425,0.9121738825397394,16.387953181789005,123.61533012043384,157.44736842105263,179,82,0.5147577147310417,0.523423911445087,0.5925737700068804,0.35903273937280455,0.95942435370986,0.17850956181900302,0.5113497593730474,0.7455983811755312,0.6322796541999238,0.8435265881782585,0.023140841469910245,0.03799154197402321,0.2810101228247761,0.09159982507986819,0.7834587439420408,0.7370118756160351,0.06168008553573401,0.3485455270180994,0.842744911823928,0.9382588484550375,0.5817818515867546,0.9380622482981501,0.21700024797653672,0.599018080399945,0.04863939413922258,0.8522877783075831,0.4621050559182015,0.14509225518982305,0.6118504642681112,0.7311605061941073,0.27054314237893606,0.9114008558377523,0.09361361468372431,0.4323437243194719,0.4224643435391038
ISIC_0024324,0,0.0015925925925925,0.27728,0.905,53.77566908410106,0.5632165137566939,306289895.1176472,12669,4252.64705882353,51.54728992765721,0.8666959158700428,0.9118514110167026,15.825851178616768,133.2856487592088,169.65,160,83,0.48753533157371143,0.17376802077306464,0.044219388950170746,0.6637382115141123,0.8899289024111564,0.2117022952332397,0.27155319544846557,0.6532375185407077,0.011699725760677349,0.2539529127300856,0.8381126910666371,0.5486681089758739,0.8741443752409935,0.9684346837738341,0.4918872166486,0.5839481817019547,0.328550669839924,0.333002424401209,0.6117598660011908,0.6924075759297927,0.3404548844776353,0.44775127850463503,0.8094823200941862,0.7371853942691068,0.9357898207189508,0.7155915055359244,0.628223751323975,0.4245987064414355,0.24043487404604735,0.3630370132901537,0.21842085927593546,0.18764217696425622,0.10481776617058669,0.28386320775875507,0.7032084427229844
ISIC_0024325,0,0.0,0.15652,0.78,72.54215608781404,0.68673571382137,53683256.42857142,10413,1255.428571428571,58.69095158597662,0.663208600351729,0.776938185568261,22.19864514122093,120.5389920267888,147.57575757575756,189,68,0.04705138466230474,0.8965222615985234,0.05416442479775696,0.0038766958955973596,0.7043209192620086,0.6246712470736865,0.8495697421781117,0.9043435180234305,0.27942402479711104,0.70242598211425,0.42632453373713286,0.18868837177273012,0.316772969669631,0.24016996380035094,0.5134137778208613,0.842473719355911,0.29294618081163004,0.36180393071374106,0.57003866714921,0.23205362488353187,0.9205936567171917,0.9568620939079572,0.803940833680058,0.7251795269635634,0.2511164038039051,0.41980903249634083,0.684274013130328,0.17938374889417785,0.8759955398955954,0.3285772016632972,0.44968072295592754,0.04927944907891535,0.9996637389862929,0.2949977434202625,0.4121902263741548
ISIC_0024326,0,0.0528888888888888,0.14322,0.748,89.38964398898884,0.7128033781450184,7943718.782608696,3137,598.6521739130435,11.738067148951956,0.9243273720933572,0.9506755406003438,23.802401484075137,84.30134979423869,111.8095238095238,147,34,0.16616749150379295,0.8827469022265063,0.48903090691617757,0.9448190709693959,0.2880861047760348,0.4696513191011399,0.895640446270806,0.251962656683423,0.21471911331118732,0.28453651155752924,0.5225774671389747,0.5810708318217103,0.39486688650726887,0.687694626927289,0.8116816483728805,0.9477029824156716,0.4261508959564473,0.574113110926111,0.7455350746149814,0.11459996289298224,0.681533769649423,0.4749037480285029,0.9492401623723757,0.6088597519887654,0.022553409513044187,0.8403518245795084,0.126391922822934,0.5580124516957852,0.12643953484321035,0.952194618886872,0.049186356084218286,0.34461669725810673,0.757677737011689,0.38618790146307036,0.1777935316870558
ISIC_0024327,0,0.0006666666666666,0.10066,0.757,83.2394427803199,0.693592536497909,36480499.8275862,6759,1135.551724137931,53.19575588944537,0.7187354894861844,0.7937120529521609,23.058076302398973,108.322122432399,167.90361445783134,204,61,0.09342408230233745,0.7952370451675983,0.6205549179288053,0.1784448383530416,0.23242493349803262,0.5990021836677966,0.22676476031334925,0.093530921770964,0.9498605100400253,0.008080751210373993,0.48453276714274685,0.25403028246446857,0.04159202771474668,0.3653590994320055,0.7166970980370175,0.030887240623499457,0.33371668595853465,0.37732102449997906,0.5715099821966642,0.2603558343358636,0.6345423399465938,0.018549661206682222,0.2686193910941743,0.13164887891781651,0.22180545170889765,0.8454994985837543,0.5758591713741564,0.21444507187335582,0.678346091072176,0.8503215219114585,0.6225799348329999,0.7141597867010272,0.025953178300363255,0.5805488547730235,0.9348377710530242
ISIC_0024328,0,0.0007407407407407,0.21638,0.856,76.53816869387849,0.6607633171423481,252555746.48148143,14518,3071.4074074074074,123.57439436097197,0.558395770991044,0.6862461973575188,21.735748054682645,142.91712564277742,177.97560975609755,235,78,0.3515949562195745,0.014126207934387014,0.2729833510281783,0.642167726557555,0.09393224413200685,0.20013681844542686,0.6646385177038974,0.5546741195311068,0.2919731429549851,0.6759151567877093,0.17272864527097043,0.15582886449669586,0.06309233273433157,0.9030416732907289,0.18893724099138087,0.5212910191130187,0.5739794623202561,0.7968333432598037,0.4289475295823243,0.011472778189323352,0.13739106501379394,0.24404963624605958,0.5109243401693085,0.422024150630697,0.37268799539770747,0.7512457318106915,0.1914881268381594,0.34729020413731115,0.9880855825094654,0.1644349269152774,0.450586413899955,0.916230259844532,0.30323759580170073,0.9268002867363339,0.4347751113665813
ISIC_0024330,0,0.0039259259259259,0.14976,0.747,33.0427458489684,0.7258219203111218,10723790.9,4210,537.15,33.29347430903357,0.7626060563296948,0.8715785223650471,10.671586786941942,133.63344414476572,174.91358024691357,173,99,0.29473975917426143,0.5961757563589141,0.19785908107555672,0.19051515799460783,0.31275569753486454,0.44080371240078964,0.3465497559521451,0.5475123018974085,0.19149603433652096,0.6424101049220448,0.5299178067490762,0.5507902738382953,0.7973600266932112,0.9445169742412669,0.1611405217112737,0.5168433820855289,0.9793955974600342,0.9428405801900965,0.3572691474780091,0.2723360502593649,0.03293961783959609,0.5468799543792784,0.2781839207905684,0.17722423998596104,0.5764279170265522,0.34698836445831616,0.15880473212650392,0.9473027098166431,0.1404549657530787,0.19308799099175034,0.36328063909860886,0.46898947484058984,0.7433622821487883,0.12394232449984877,0.6051895234413163
ISIC_0024334,0,0.0,0.16764,0.764,81.4295873967525,0.7090739695174113,23724740.641025644,6984,798.8717948717949,52.12425153032833,0.7032156634762144,0.8100615970150186,21.532130310102133,109.62569647648829,144.63888888888889,189,69,0.44187831626552154,0.7764126080035547,0.6175278800349991,0.20444549025549774,0.9929908451869511,0.7882038398223605,0.8977000236667488,0.07775128947979415,0.7665717021117375,0.7693400756104803,0.014412729059208984,0.5121139853944052,0.5927857606585357,0.16220325673376634,0.5438962786802642,0.7096143733606832,0.9189377128620864,0.5159757777115555,0.6033649291955134,0.4329537052206266,0.1610624345021684,0.3460697242891403,0.901831955518753,0.7535569761016488,0.6037482583505963,0.19860750090378698,0.14867575575329184,0.1005639731390996,0.7921618965752527,0.6475436062530415,0.6034095787576436,0.013532091420498604,0.35344444233985917,0.45395969038116146,0.5639836313139404
ISIC_0024335,0,0.0233333333333333,0.09994,0.72,103.04043220541573,0.7258039053072847,2630686.5,1332,330.5,16.122723056946764,0.9496509219373112,0.9646246960092526,28.724489967013582,96.41258376768428,127.4,166,42,0.22020450409325643,0.746802054636893,0.4267804084842741,0.3767150236730824,0.11987574762866127,0.11675594243905807,0.5106913423963875,0.6972090336136838,0.02125648388062218,0.6925015628971833,0.40807537592256815,0.3903854557809371,0.46373930267999586,0.26278765540134386,0.7349407562182015,0.8417178410648546,0.09066616931136828,0.12094660762623177,0.07725557809631278,0.5456741743193723,0.3648796098489866,0.943456132595271,0.20982796768115142,0.9641440044552944,0.7944099350419097,0.644553169721733,0.6761902714825954,0.2245328655960238,0.7381623493318488,0.38221404252533353,0.4604144824382387,0.8108647183270143,0.7121300331672692,0.6141092247571258,0.12113515050587331
ISIC_0024336,0,0.0044444444444444,0.10962,0.776,58.56920770169983,0.6916638614453982,34906401.0,6072,1150.0,43.77752550547208,0.805886222990744,0.8711657776354029,18.22006467606657,131.23726024941743,174.28985507246378,177,72,0.611760505515159,0.29956990874332246,0.44524818392304066,0.5420942706525285,0.7136287083232533,0.4653561425591698,0.9930667340154019,0.08290049454619675,0.04455779588216724,0.5428619680632318,0.6942516015907663,0.6072622670076488,0.7416777710262102,0.14437681851213569,0.9081318554326012,0.9542265097506439,0.5120829441050271,0.9954888531122766,0.8408170060215849,0.9787848187566742,0.7762560342669197,0.16946830808024393,0.17487225679140683,0.18900129134122112,0.8143865743898595,0.44708826287430903,0.4601090679928357,0.4959769546606546,0.8990061735129516,0.007587969670691419,0.6182387724593646,0.9325642572008536,0.16160220674996173,0.9159548539530563,0.42585197790839957
ISIC_0024337,0,0.0,0.13082,0.712,17.07281276009529,0.7320866249721485,7832688.999999997,1954,483.8333333333333,43.60373214616955,0.8151996722034941,0.8757648991545425,6.287033590138421,167.94367058412456,160.05263157894737,198,152,0.952903216263743,0.632320628109839,0.6066303258538563,0.27826440606011016,0.8520293630456398,0.08849781220378983,0.22913332824953137,0.4965271013825916,0.17114376468245418,0.379785041810057,0.18490005511398733,0.9995515875617837,0.9684547885603415,0.7369069379307654,0.07559389425327123,0.317375725511845,0.36474198138910097,0.15246712055841016,0.23175680770415608,0.4795656141764678,0.5786109085740727,0.9981896344078646,0.7765233880462775,0.7887710750157587,0.6345026927375276,0.2662798673139025,0.01832601957152513,0.06788261830172315,0.6785402950771687,0.3417652033042857,0.19832033522017323,0.4436206949488868,0.23927901388946993,0.2741123007019244,0.9743373062354317
ISIC_0024338,0,0.0003703703703703,0.13766,0.783,27.11950947775994,0.7010541086849307,38626064.75757575,5651,1097.8484848484848,64.75271378222965,0.7105293948800144,0.8272319382946893,9.516264842202466,161.2820090572252,172.01986754966887,186,129,0.9792308034746827,0.16111860086911245,0.6102243281333851,0.9322476129011408,0.015501487346111564,0.6899118887667682,0.23384115630858704,0.30229775821718585,0.12371060764914354,0.7487805775054537,0.8851703269653372,0.6785031289153501,0.1237891254955783,0.37279064433407194,0.8584205183984726,0.4663753513358331,0.38043641151295915,0.8231098552665568,0.18627112071455798,0.7546835384743497,0.0662357953586783,0.707021669404815,0.7264489752792282,0.013703327426359158,0.573525327956789,0.3297189160567756,0.9519122358485438,0.20754228474714687,0.06693046851451179,0.7729016174387435,0.9577792915122268,0.23192823248183203,0.5286955662525198,0.9629610860001645,0.8356686440424265
ISIC_0024339,0,0.16,0.2821399999999999,0.746,126.95427019488814,0.7243540483944156,3809548.264705882,2109,351.0882352941176,22.396772398441847,0.9006663651068819,0.9358871294829676,33.135939805994745,88.99615158010856,143.6206896551724,180,35,0.23171612882046788,0.7988086719374257,0.9906179548584639,0.329514608973863,0.0009858497250599951,0.4066735677417399,0.7632553055775976,0.786439815071896,0.7949923408356571,0.2507205317912742,0.7212637041776041,0.10648535690077765,0.17839682356332265,0.6536880284922363,0.6295579526570596,0.7765986830217173,0.05052698051638016,0.6985171440259651,0.33425244204709104,0.9866199542623026,0.6730119393603978,0.0013729489151970142,0.9526070316681864,0.4902772964176285,0.8416545131235995,0.6674955683767124,0.5809412201327886,0.28647551051884057,0.8043625494772891,0.5720086326110103,0.9094296431690179,0.21672458860991295,0.35052353799520164,0.6978050049724299,0.6511790157910615
ISIC_0024340,0,0.1458888888888889,0.18688,0.774,68.71174338462977,0.7145809217502337,25377224.97058824,4659,880.3823529411765,50.06208866629568,0.7760234220496749,0.8515882153772266,21.006114669763647,132.06580172987358,189.2131147540984,194,85,0.6862411692653806,0.20468395136683648,0.9205417579891527,0.8513362703649026,0.5256101854073879,0.6001049198734151,0.5939257107556243,0.9488470380351198,0.8880687748674478,0.8217028080591366,0.4404869118008231,0.4849565598129322,0.37692841479373773,0.24850547367169928,0.04906818402335866,0.38737502682713176,0.6602773674213568,0.4771367700811263,0.061443337954466215,0.4546819209782319,0.5881136379887125,0.23151268096377065,0.8653866692581451,0.9865230520312674,0.6529528967073711,0.29394987798229744,0.41927779978941615,0.623207124662851,0.13499868998802456,0.29205585645137244,0.3736099436039281,0.541391870608329,0.9848949245783809,0.40703358141633983,0.3431030102783704
ISIC_0024341,0,0.0,0.16876,0.737,76.86804018605238,0.7237427327888827,9516948.333333332,1924,577.6666666666666,28.881840103876826,0.821457269285587,0.882213307044715,19.68538891972336,95.1099331562916,132.2075471698113,157,57,0.5234448614787119,0.5581420825164938,0.34481513998687774,0.9213107847047537,0.3446468533183391,0.6040609830244762,0.06631492333564692,0.03487722041784447,0.06711680312286761,0.2988666461946249,0.993853419908676,0.8482903003130126,0.4214825799973918,0.6892284070361526,0.3702012385509993,0.7991878278943612,0.8030598638274323,0.7737826867156674,0.7252656441850435,0.6377678632665073,0.4614477279711765,0.5851478757633101,0.0627572933135887,0.6115505037205011,0.8082801566636197,0.4502217284254656,0.30352934352802174,0.4271846006864979,0.2723898446173294,0.5396381482012732,0.12618797461870268,0.8524266349596922,0.8378413497547027,0.05765872396511473,0.7458642812354116
ISIC_0024342,0,0.0,0.16054,0.785,42.12914458328724,0.6547003738967035,80674076.2,8146,2017.9,40.33833426080504,0.7603375635182849,0.8457478355320693,14.19638124864121,134.70240243042593,157.57575757575756,176,82,0.7479331004570183,0.27788811086549936,0.05866089506250127,0.8095958032460631,0.27791608870020934,0.5439211590214668,0.12448238977084858,0.6386221635633784,0.6696756217715575,0.9641721368891698,0.4698394938555971,0.8795908979159535,0.188851732632761,0.6283292750000598,0.5387718301330897,0.16441972722002451,0.3865765981118573,0.8480282604575647,0.9237719611446755,0.4319882120479137,0.24571712740991825,0.1509471014028244,0.7251191400757007,0.3681257478091511,0.6300615568276832,0.5737776840836875,0.7279001163520362,0.9908356463858201,0.03246305922335635,0.19065846407780473,0.54663608845848,0.5007807980252632,0.5552858618550004,0.9059001495240547,0.9654512723978401
ISIC_0024343,0,0.0006296296296296,0.14876,0.833,93.05289621702909,0.632178259342015,155870524.03846157,13827,2460.9615384615386,91.34731218697831,0.6719577737915484,0.77389392115529,22.9750392518513,121.37043940099936,176.37864077669903,198,74,0.12032242480779942,0.42868174198238895,0.010793374712761428,0.21976658575117913,0.427630848352322,0.5135408364072932,0.11985037860420822,0.8576523683005414,0.3713374119900812,0.5004766079070708,0.9029452708925306,0.41560880632760244,0.030464027543688155,0.8188340642609301,0.6305606053924967,0.8606188734795088,0.7011397856408139,0.09557261632996894,0.07458317661699121,0.9713377544640825,0.9329685896718554,0.03242786150984078,0.6479648166350968,0.2433819849110519,0.3523308663138849,0.16391266062790832,0.6461978950771169,0.9583362678744756,0.6779816902560938,0.5908816462543895,0.9772947701492455,0.18135308142012918,0.35178871472613915,0.8223445657327868,0.2348206098681186
ISIC_0024344,0,0.1678888888888888,0.13224,0.743,102.711971841731,0.7054376259369418,9206920.66666667,3368,630.8333333333334,37.19446484882211,0.9283750585953582,0.9462378904563564,29.60944456656415,136.26849868519582,214.57142857142856,223,88,0.7238030473137843,0.028318430701315345,0.9185622667541385,0.6675560154059476,0.2939614832027281,0.3883926632592226,0.9895905493255462,0.622029236657235,0.10002112930272555,0.2739906306706843,0.6723450929972908,0.777703027784598,0.9908799403016524,0.0995731388075286,0.26436443159071754,0.8428892875694415,0.9168707946505782,0.07787654706137404,0.6822720469100809,0.6677898001110839,0.08262362845200488,0.5914558555684581,0.10437832958867899,0.7078946837144657,0.08616401438946253,0.30080872989225815,0.3778158700149651,0.7792425141437895,0.6958033860259593,0.557506703125256,0.7566549459135101,0.8142635462238305,0.23047825382843634,0.33983178341320086,0.3638727561385914
ISIC_0024346,0,0.0,0.1211199999999999,0.664,58.35771211057497,0.7166590279910344,18580848.160000004,4155,874.08,42.03964385086255,0.824901005425483,0.8858072186127961,17.717638432588654,145.67278847792738,155.3404255319149,191,96,0.38672397267069625,0.9493433807691843,0.8696441140924971,0.8923785486844479,0.9848318350593676,0.5331798133250536,0.007159201952166794,0.4655198265760485,0.9899924012829322,0.4504112610060558,0.27402239500647196,0.5823554847197313,0.7032732964259292,0.6209673340220537,0.5245006623204496,0.45103318423578065,0.256063212421349,0.9537344355592374,0.3829534411128914,0.977108989988816,0.8476068108813257,0.7017546317328248,0.03344445417840458,0.36699738235631163,0.11289380573459085,0.20352383483879155,0.9627813063300616,0.9803933791173994,0.6702711583260892,0.3756938776127384,0.6976658591579202,0.03241666499463747,0.5267253422050543,0.1820793622892004,0.1060497447455433
ISIC_0024347,0,0.6905185185185185,0.06982,0.727,145.89445506695805,0.7236867517782664,9269972.31428571,2487,531.5428571428571,30.28411055462808,0.8292040771903969,0.897968819171189,37.14315011350293,75.81799131213027,150.96153846153845,172,22,0.4925258577385442,0.7141090929497788,0.9166566081960938,0.5405941987586247,0.5824004977510617,0.8363050165698177,0.46361696073476866,0.8893151354035232,0.5513440432186951,0.009823068088677056,0.36344023525602775,0.5293116067661908,0.538678103437869,0.5391418101177512,0.9633590125489815,0.8503583070781804,0.9744364009931931,0.45915365757259785,0.4667803046114759,0.2493537602223258,0.5813331669432734,0.30910243153040706,0.15827534187224424,0.947411474198178,0.8358485286517611,0.33983392778430477,0.585849899130164,0.33138301422776184,0.6807523546312333,0.6181451064748928,0.22008786399985059,0.1611895757504176,0.9278358112457435,0.16655527479724797,0.8378428093156817
ISIC_0024348,0,0.0,0.17702,0.813,36.85983228756503,0.6778010735057189,91787041.28125,9438,1709.09375,41.64537933593025,0.745554256770047,0.8172039549519312,10.75222467798186,121.84072049895724,132.21686746987953,202,94,0.1591998032965788,0.13477863266416468,0.5383076428095389,0.5481057028007486,0.30551399067866447,0.34525136925889566,0.9621704574814269,0.07495207631009693,0.7894421245936225,0.8796877464393884,0.4948938644637735,0.8186125094118472,0.15395117782604661,0.9943231923717257,0.49985545736866155,0.6122317653416488,0.9173720659248769,0.38011189286287916,0.9561627193933099,0.4260273067412482,0.7911608725194119,0.5715771798070021,0.5047240092298385,0.20903889237899687,0.8958387980967752,0.006678161798031379,0.6208158429999026,0.3155448209688049,0.008417123978079033,0.28601807234083865,0.5336803996049899,0.04440288145691873,0.9334048259320759,0.9520047385331653,0.8670687173777414
ISIC_0024349,0,0.8058888888888889,0.20004,0.832,105.71580950460802,0.6852782463637574,152778640.81481484,15200,2391.740740740741,46.70383231311445,0.5930286907495911,0.7427248552864499,29.475454257801307,82.075055853747,197.18421052631567,240,26,0.18520076642217875,0.43170985868496237,0.34350057889591534,0.4753608805461903,0.454006998607955,0.7873833029425344,0.25782272898217007,0.7569894074228785,0.5277914682382598,0.3662795971352819,0.18779859140022703,0.9329291424466584,0.737647882819234,0.6346327049018058,0.547337251335879,0.5418524692787892,0.3385550064147326,0.02559899013638245,0.41626548941209907,0.5192191166481708,0.8081590609823265,0.7068512325502778,0.5606038967661596,0.607378938030168,0.19364377781399822,0.18826146447743564,0.12236038515021508,0.2794081792724944,0.20625082417319252,0.5434887002419216,0.0352286264711551,0.9217386881566613,0.32663620182310793,0.6296895506718524,0.8072536303963709
ISIC_0024350,0,0.0,0.08856,0.748,75.13948323389026,0.7138008263949047,10770435.153846152,3492,656.0769230769231,28.71825635318121,0.8802487069196235,0.9249867912164216,21.302004160769386,122.92779562013448,153.83783783783784,183,79,0.256927900624751,0.4127428753908219,0.6603367170298327,0.35266316676355014,0.6054706784102705,0.20806194246999987,0.49447338969240495,0.03623496483028055,0.7578413294384386,0.4732287017444984,0.10982074442836576,0.43849143436819715,0.2976688436681373,0.4071746908358519,0.395346089081559,0.7234230193324281,0.48204537269696457,0.06448341163989335,0.011385328599840205,0.43898216489206965,0.7047854702620026,0.46028809332311194,0.21708198549317448,0.03820126175923899,0.1499815149469581,0.11638683008650585,0.581421415665975,0.5799191344067344,0.5305776494496787,0.46632561945830164,0.7707723695678531,0.010101550055572006,0.053596712049339024,0.4725091922996013,0.40675535318576184
ISIC_0024352,0,0.2695185185185185,0.12784,0.815,128.989453730136,0.6784077205872466,37698368.36842105,4164,1417.578947368421,23.66303839732888,0.9250522208216172,0.9478464023943856,35.2986644029318,73.43723940091397,142.20833333333334,147,16,0.1355053000622941,0.01606160238298615,0.08626629978168276,0.6540174543901688,0.8549855293224843,0.9461640388441713,0.12462536512304545,0.23639177314050952,0.2536016046388624,0.6578675652870056,0.7201761025703445,0.02026538809458367,0.330999560698931,0.7860079606456618,0.5540916482885085,0.6596080999023507,0.7753127932426405,0.17880784727700927,0.9397680569089878,0.6233246425927385,0.428350230062466,0.06811254739255979,0.5149466348373878,0.08398197214323722,0.3182820798125847,0.5889266565549822,0.27765029670059116,0.63064986029124,0.3575160637697351,0.7858193543827554,0.5445624695893801,0.23294458235388127,0.3017314276143106,0.3421600084519656,0.32625417876635154
ISIC_0024353,0,0.0,0.24554,0.775,99.99953284320186,0.7050892776688835,20073548.90322581,4451,819.6451612903226,38.1525876460768,0.84429509881885,0.9055061673830878,28.21561902826716,104.49365681192808,139.45283018867926,168,55,0.700173046115526,0.4633222283213946,0.2640175944995462,0.33749640850468055,0.8383866313759004,0.16461580880705806,0.17340438948825743,0.9394806738666459,0.24188584022820347,0.38433034206013394,0.8701774547863078,0.16246986054507206,0.9361497989772347,0.3919222609992238,0.5263233552406884,0.8928279346767174,0.925655851164813,0.31552324528933184,0.9677996635528883,0.9561069249578131,0.14368909830801269,0.9855242883039892,0.35909019585027024,0.7896600795512175,0.10372451960536067,0.44282516147495443,0.7470472600739398,0.6800975124362418,0.4049071453262736,0.3292456784738482,0.5644680073961524,0.6046603170977114,0.7546341581510001,0.36947226908632247,0.5164228734284912
ISIC_0024354,0,0.0,0.27758,0.831,29.588018590869613,0.6885747313198359,53449096.64000002,8364,1474.16,53.23581524763493,0.6673411470426241,0.8192373324384242,8.855474955572939,174.10076393311954,196.76237623762376,219,143,0.5975178543229867,0.17493351077123453,0.5791027974874255,0.07377513748954934,0.7480520225665375,0.6230291401302579,0.17508799769550165,0.4711996669216896,0.14944667748830898,0.3786933291290099,0.7633938520873865,0.40381576216742465,0.19793870545281123,0.6925279684278501,0.5789554793752533,0.03662647070265812,0.5513864536818225,0.16146828972303318,0.06475912936870076,0.49937061692042584,0.14340193018987013,0.8453100757856671,0.14264626618297116,0.6417648502412117,0.7734582046311196,0.002877445042046234,0.37831417146398305,0.8701531405566151,0.5833077482237619,0.46000566336179294,0.7380735893246206,0.3189014622323483,0.22975848845619407,0.24880548689377469,0.5541691908653351
ISIC_0024355,0,0.2925925925925925,0.16674,0.777,137.9752525095448,0.6933668482217381,28008107.22222222,4424,1255.888888888889,39.71249860879242,0.8732061154322418,0.9132636262375176,39.957905102225766,92.2858448565616,153.0,172,13,0.5782176410050959,0.6614384185377923,0.2298144799248628,0.38547381528094515,0.8268896891161929,0.3159082184854819,0.3348553680087576,0.16923321268597513,0.8996681759913191,0.6502687195704212,0.12115733628849756,0.28202394118723384,0.3188580360168626,0.45148478797588243,0.6716634712857963,0.7043028863889361,0.03604777697206196,0.9244871782476931,0.7222935848028175,0.8961357436148968,0.09870124752210119,0.7321133747572043,0.9458194745203273,0.7574797604752288,0.0872525868520182,0.5963817048775136,0.257709823891349,0.403532220052913,0.5422291848708186,0.1609263143075762,0.752987638766536,0.16536530193815346,0.9496025101310466,0.07122628748284321,0.6226274696940263
ISIC_0024356,0,0.0059629629629629,0.3393199999999999,0.833,61.25206510255911,0.6595246934143251,74944949.0,11266,1743.4,54.72410313485439,0.763228488743694,0.8862117513910052,17.67769062157778,149.8830835207583,165.73684210526315,182,101,0.06905914364552723,0.45037025585897783,0.6276871240855529,0.38732953974784734,0.681882924875621,0.13129378973666017,0.23573548198607785,0.8317316718809943,0.729930948221951,0.3307514452590543,0.4882857968947042,0.24942040166523383,0.4751743902526723,0.19484815516545195,0.5228775373662585,0.801553361765189,0.9460817347963565,0.29172102176541326,0.059854069247511466,0.7783190214110216,0.5189622813364899,0.382966583551827,0.3863607179428836,0.1876948289382856,0.7344154885641151,0.11510991431011763,0.4969552318298843,0.8878452139369954,0.16954447746594103,0.09583494300515971,0.7732364917423011,0.030355554966309928,0.9364913742148173,0.7259649681467004,0.8516441535684903
ISIC_0024357,0,0.0,0.2355,0.839,46.65848906591143,0.6538765250866302,134531314.96153843,12457,2287.192307692308,75.44391022073827,0.597930138559795,0.711010216844406,15.279971277819774,155.18333595598875,164.73282442748092,211,106,0.8139476353524782,0.37208487987437455,0.5138890751756267,0.3665268811656436,0.33990026715579824,0.9751261506707152,0.7765726546377112,0.88424420568265,0.9081041796266098,0.9203463015224013,0.6486997238995472,0.7346540194285601,0.16786343340748577,0.7119554023150881,0.3195374358045988,0.6337549293071356,0.3463386222983281,0.44021483975952314,0.2940314611823621,0.6960685357561547,0.5891986244056182,0.6997465432799509,0.8190501224168846,0.4292274501635934,0.009811344010968281,0.21803338864144972,0.9980945708634422,0.5073220000347382,0.4446877501666773,0.34573158291097794,0.008368433948351517,0.13240617437971502,0.3843740033221259,0.5379138003567833,0.7940219691342312
ISIC_0024358,0,0.0044444444444444,0.22626,0.854,77.93854569709828,0.624377837233996,105585519.7142857,11543,2252.285714285714,78.01624188462252,0.8237933486788659,0.8739561519144747,25.52794862612814,151.90246986845267,194.5,208,53,0.3979627936985053,0.5279388693167373,0.897816231497314,0.6225302867410302,0.47264828650762103,0.09974486253819959,0.5588917661766607,0.6479022857052689,0.009310014447220238,0.13987695931286603,0.18974310682883566,0.10946804955919642,0.93619471507886,0.8207177775763532,0.3721361954187742,0.7858483699678168,0.42838853045228487,0.4801641496146405,0.02977475287827036,0.8155300350673608,0.6011455803638129,0.4617982742880018,0.5352499817340641,0.8170059288143315,0.004528800726831039,0.8739511722414798,0.28217422436806694,0.5845208976897135,0.0006973105594387796,0.16602812301151215,0.019779125084686378,0.6199068259558772,0.7150609579168079,0.8131346719026934,0.026167186942852805
ISIC_0024359,0,0.3394444444444444,0.12608,0.76,84.43665011117868,0.6908836167625726,113114578.78260867,13254,2228.6521739130435,37.46737154516787,0.6262796674600526,0.7551703644533982,26.44188031500236,92.26040006375518,125.36507936507935,166,35,0.6089819633089258,0.49732462701140845,0.335918529819368,0.42649679767213,0.20103197246181082,0.5171760434392403,0.6076742635176217,0.7132999325352078,0.3181625908300475,0.3133411613222947,0.45677134237382233,0.8773853150709178,0.3015334492743519,0.9162871717988592,0.5536617915993143,0.645113304321472,0.9042961938668227,0.6375388280122425,0.04810919364504096,0.942321004111042,0.34345492136535993,0.13395809084093446,0.8083019867374984,0.9595123114802644,0.48047105146083435,0.6508134347123643,0.026725606917478495,0.7392131474823519,0.7492185986330225,0.33999107163199416,0.6679005221641481,0.08032697764031504,0.0687280897587268,0.5109575719817839,0.022564643140715046
ISIC_0024361,0,0.3554444444444444,0.2085,0.713,126.19730954393845,0.676663398155173,226755677.5789473,14823,3463.6315789473683,81.07986644407346,0.3857391651972469,0.5642095605086246,40.81073053860532,121.9558185356655,187.6123595505618,245,31,0.32417234970967357,0.16263747807519935,0.02504850629909483,0.1755834924917682,0.737105672631869,0.16238856972948856,0.7499009047488623,0.6070052429977714,0.18703117663990299,0.5834196497776073,0.9260208127516302,0.9611014622792508,0.8832120251626444,0.11724570274349999,0.5562399416756443,0.2864043588360118,0.41498267385604237,0.6458636491011892,0.5328561339729803,0.22576619307650536,0.8946934070810111,0.5635085302270545,0.15307590037419105,0.5442698299987498,0.4181706059162619,0.6036993215771385,0.026563054891054816,0.8321683268133068,0.40535670924212897,0.565023810245934,0.8766359896528875,0.9690076054874059,0.8909997122269971,0.35661672411678846,0.9364064260439936
ISIC_0024362,0,0.008074074074074,0.13808,0.789,77.49714623579635,0.6939643568853306,92102238.57142857,8687,1827.142857142857,47.16563902800964,0.5939031961175086,0.7399580203042989,23.963952549883302,106.56284378437844,131.74774774774775,173,49,0.7138224007612994,0.2667678336758659,0.991453388414249,0.8867334627367128,0.25753492836412406,0.04216130402531848,0.6149680621398614,0.13648060730857547,0.28570280278469984,0.40227788050861213,0.11734583694009015,0.17004315844216,0.5436532634058305,0.9443353926846099,0.3419867736823483,0.868002795948358,0.7184629532104855,0.18255892569746024,0.7049820008647635,0.6313733530108732,0.048832272372268726,0.8288361757027575,0.2862803182765,0.82201093825807,0.14795565852182058,0.48118499751979893,0.6380406497788359,0.8984701518377142,0.3088052837453511,0.497854033382509,0.8778761215834723,0.7498482869330929,0.15819792443879022,0.0388221318173676,0.06927226083442062
ISIC_0024363,0,0.0232962962962962,0.1833199999999999,0.78,120.52795659005348,0.6991359939051673,27867029.440000005,3970,1067.76,31.60811723242441,0.905724427982584,0.9364054718400326,32.21315693906734,109.1756110450522,194.0,175,48,0.8567774870484128,0.5324301306966702,0.07046260403963034,0.7489716736274806,0.121320758655173,0.21180212118256814,0.2755613313424461,0.8856135804294654,0.3123747963371645,0.04851619945106722,0.31287240015446827,0.04465030696143846,0.7636327643678481,0.5431220530149632,0.5546327887909828,0.5336044551137269,0.25955144496319316,0.5759749188998353,0.8901981080297175,0.6967990088914218,0.8958193786548184,0.4724017383591783,0.1062411711850414,0.4159000793039229,0.43146041889353937,0.5496875765082663,0.6582769556584891,0.25645278481687583,0.4527704327002471,0.3681083168516581,0.07541287720180645,0.6544146725182259,0.8884481780836647,0.6960677224342442,0.46332573123634
ISIC_0024364,0,0.0004444444444444,0.09892,0.738,73.34147421080318,0.7164860659598791,8463775.102564102,2627,484.71794871794873,26.067861250231868,0.8803824923598174,0.9137696530701872,22.103534190276,107.9089886938597,130.3658536585366,179,60,0.8151344157194538,0.7446366364883744,0.47383121268680883,0.8828082773662873,0.41915977412491656,0.658939332093308,0.5942832196115649,0.9274617915095248,0.16627621905398982,0.7664635016526762,0.734594998072483,0.8605255325631959,0.41479545758808245,0.6118472203632284,0.6906189299269284,0.9938774944375085,0.25509584041086064,0.9917224209354353,0.08223165849738667,0.8128986518692931,0.235989486738993,0.5642103017478436,0.36147163283486383,0.31765938011825023,0.879059256278337,0.42710904564902274,0.11256003965647832,0.9808534902432248,0.001383426408370525,0.22833557179627906,0.17208839529591424,0.8303559321668672,0.7467587065888955,0.9512774634955578,0.3780332089992652
ISIC_0024365,0,0.0,0.1375,0.759,55.2589181719122,0.720843819751175,52628241.18421053,6130,1195.2894736842106,52.8128473381562,0.419221132867859,0.5951511531237182,17.295770787979052,114.9957545036396,132.9255319148936,187,73,0.3919812288159257,0.157899471159201,0.7222055331323787,0.717570560686081,0.9453412666034989,0.48372052606660176,0.6214358228484489,0.7044751024432973,0.5242738269041183,0.5585381902475437,0.6758125106669403,0.01478720247648524,0.6508219351733908,0.2559576742794908,0.4153126198224131,0.11179569036681547,0.9831802605066082,0.5927962721690091,0.7273934557980986,0.00169005324294913,0.6033820676786985,0.9934052379982392,0.9996899539898713,0.4911102856213547,0.7306406386353611,0.27320161188262226,0.6412511733836208,0.3570131193035524,0.44115172813221637,0.40803187013198505,0.42434030332574435,0.06993368290052926,0.33020159918619607,0.6772647698307763,0.9171477657645276
ISIC_0024366,0,0.0034074074074074,0.1543199999999999,0.819,133.08643682205357,0.6848748339053271,64745197.25925925,5842,1561.5185185185185,82.20359117046931,0.8467508910018935,0.8955842675765593,38.13951413738847,129.69412243237747,215.5116279069768,215,60,0.08067442329196173,0.05616698808704046,0.41990392265949317,0.9486367115384141,0.34525693655475465,0.27776358381889743,0.021540790618429173,0.42223367950955193,0.465797042499296,0.5703457015028918,0.2915385057630514,0.447991354375073,0.0428393413765813,0.8151181704736619,0.28336065439363456,0.374287945382327,0.3333741720466422,0.7616692331872634,0.1690579876006455,0.32248512888764125,0.6644142927765533,0.32382802721871373,0.4249208307667529,0.26734126143875625,0.19558926312179103,0.5168598211091721,0.08849461436664952,0.8166397246982181,0.3394835556180248,0.4412937534715,0.8285032809210792,0.17423108299802048,0.22981682062742315,0.44368380187420897,0.24455077102085365
